--
-- PostgreSQL database dump
--

\restrict 1ScvWyz5RpJ3umkHkvuGSX9NMR8yOTgo4cHS5NX3rv7Opw9ID4BblOEt77hdes5

-- Dumped from database version 16.13
-- Dumped by pg_dump version 16.13

SET statement_timeout = 0;
SET lock_timeout = 0;
SET idle_in_transaction_session_timeout = 0;
SET client_encoding = 'UTF8';
SET standard_conforming_strings = on;
SELECT pg_catalog.set_config('search_path', '', false);
SET check_function_bodies = false;
SET xmloption = content;
SET client_min_messages = warning;
SET row_security = off;

--
-- Data for Name: building_defs; Type: TABLE DATA; Schema: public; Owner: sws
--

COPY public.building_defs (id, name, category, building_type, description, build_time_hours, fuel_type_id, fuel_per_hour, shield_hp, armor_hp, structure_hp, has_market, has_refinery, has_factory, has_clone_bay, has_repair, has_defense, defense_dps, cargo_capacity) FROM stdin;
1	移动仓库	personal	storage	太空中的私人储物箱	2	\N	0	500	300	200	f	f	f	f	f	f	0	5000
2	个人前哨	personal	outpost	小型停靠点：充能/换弹	6	\N	1	1000	800	500	f	f	f	f	t	f	0	2000
3	采矿平台	personal	mining	自动采矿设施	8	\N	1	800	600	400	f	f	f	f	f	f	0	10000
4	观测哨	personal	scanner	预警探测设施	4	\N	0	300	200	150	f	f	f	f	f	f	0	100
5	隐蔽据点	personal	hidden	隐形私人基地	12	\N	2	600	400	300	f	f	f	f	f	f	0	3000
10	工程站	corp	factory	制造/精炼设施	72	\N	5	8000	6000	4000	f	t	t	f	f	f	0	50000
11	军团船坞	corp	shipyard	存放/维修大量舰船	120	\N	8	12000	10000	6000	f	f	f	f	t	f	0	100000
12	精炼厂	corp	refinery	高效矿石精炼	72	\N	4	6000	5000	3000	f	t	f	f	f	f	0	30000
13	市场站	corp	market	玩家市场	168	\N	6	10000	8000	5000	t	f	f	f	f	f	0	200000
14	防御炮台阵列	corp	defense	自动化防御	48	\N	3	5000	8000	4000	f	f	f	f	f	t	200	1000
15	克隆湾	corp	clone	克隆服务	72	\N	4	4000	3000	2000	f	f	f	t	f	f	0	5000
20	空间站	alliance	station	完整一体化空间站	720	\N	20	80000	60000	40000	t	t	t	t	t	t	500	1000000
21	跳跃门	alliance	jump_gate	两星系间永久通道	336	\N	10	20000	15000	10000	f	f	f	f	f	f	0	0
22	超级船坞	alliance	super_shipyard	建造无畏/航母级	480	\N	15	40000	30000	20000	f	f	t	f	t	f	0	500000
30	戴森云阵列	nation	dyson	收集恒星能量	2160	\N	0	100000	80000	50000	f	f	f	f	f	f	0	0
31	首都堡垒	nation	capital_fortress	国家首都超级防御	1440	\N	30	200000	150000	100000	t	t	t	t	t	t	2000	5000000
32	天穹实验室	nation	research_lab	研究第7-9层科技	2160	\N	25	30000	25000	15000	f	f	f	f	f	f	0	50000
\.


--
-- Data for Name: encounter_defs; Type: TABLE DATA; Schema: public; Owner: sws
--

COPY public.encounter_defs (id, name, encounter_type, description, min_security, max_security, required_arm_id, min_consciousness, base_probability, cooldown_hours, intro_text, is_active) FROM stdin;
1	先驱者的低语	fragment	接收到先驱者数据碎片	-1	1	0	0	0.08	6	你的扫描仪突然捕捉到一段微弱的加密信号。信号来自一个未知的频率，似乎是先驱者时代的数据编码。一个模糊的画面闪过你的意识接口——一座悬浮在黑洞边缘的巨大建筑。画面消失了，只留下一串坐标的残片。	t
2	漂浮的残骸	fragment	发现一艘废弃飞船	-1	0.5	0	0	0.1	6	跃迁途中你的传感器探测到一个微弱的金属回波。靠近后发现是一艘严重损坏的飞船残骸，船体上的标志已经无法辨认。残骸的货仓似乎还有少量物品。	t
3	时空涟漪	fragment	短暂的时空异常	-0.5	0	0	0	0.05	12	你的曲率场探测器突然发出警报——附近空间出现了微弱的时空涟漪。这种现象在先驱者崩溃后偶尔出现，被认为是天穹工程残留的回波。涟漪中似乎带有微弱的信息...	t
10	遗弃运输舰	choice	发现满载的运输舰	-1	0.5	0	0	0.06	6	你的传感器探测到一艘漂浮的运输舰。无生命迹象，但货仓似乎满载。舰体上有战斗痕迹，附近可能有海盗出没。你必须做出选择。	t
11	求救信号	choice	接收到求救信号	-1	1	0	0	0.07	6	你收到了一个标准求救频率的信号。发送者自称是一名被海盗伏击的商人，请求护航到最近的空间站。但你无法确认这不是一个陷阱...	t
12	守墓者的提问	choice	遭遇先驱者AI	-0.5	0	0	0	0.03	24	被击毁的守墓者核心发出最后一道光脉冲。你的意识接口被强制连接——一个苍老的AI意识出现在你脑海："后来者...你们为何而来？是为了力量？知识？还是...你也听到了那边的声音？"它在等你回答。	t
20	维度裂隙涌动	event	维度裂隙突然扩大	-0.5	0	0	0	0.04	24	你所在星系的空间结构突然开始震颤。一道维度裂隙在不远处撕开，维度入侵者开始涌出！附近的所有船只都面临威胁。你必须战斗或逃跑。	t
21	先驱遗迹激活	event	附近遗迹突然自行启动	-1	0	0	0	0.02	48	你附近的一座先驱者遗迹建筑突然发出了蓝白色的光芒——它在启动！沉睡万年的先驱者系统正在苏醒。遗迹周围出现了强烈的能量场，守墓者也开始异常活跃...	t
\.


--
-- Data for Name: encounter_choices; Type: TABLE DATA; Schema: public; Owner: sws
--

COPY public.encounter_choices (id, encounter_id, choice_index, choice_text, result_text, reward_item_id, reward_quantity, reward_credits, consciousness_change, standing_faction, standing_change, trigger_combat_npc_id, next_encounter_id) FROM stdin;
1	10	1	靠近打捞货物	你小心翼翼地靠近残骸，打开了货仓舱门...里面有一些有价值的矿石。	1003	50	0	0		0	0	0
2	10	2	扫描后记录位置	你记录下了残骸的精确坐标，可以稍后带人来。书签已保存。	0	0	1000	0		0	0	0
3	10	3	不管它继续赶路	你决定不冒险，继续你的旅程。	0	0	0	0		0	0	0
4	11	1	前往救援	你赶到求救地点，发现确实是一名商人被困。你帮助他击退了海盗残余，他给了你一笔报酬。	0	0	5000	0		0	0	0
5	11	2	要求预付报酬	"先转账再说。"商人犹豫了一下，转给了你一笔星币。你前去救援。	0	0	3000	0		0	0	0
6	11	3	忽略信号	你关闭了通信频道，继续自己的事。不是所有人都能被拯救。	0	0	0	0		0	0	0
7	12	1	我来寻找力量	AI沉默片刻："力量...先驱者也曾如此说。"一束能量注入了你的舰船。	5011	1	0	0		0	0	0
8	12	2	我来寻找知识	AI叹息："你比大多数人诚实。"一段加密数据传入了你的系统。	0	0	10000	0		0	0	0
9	12	3	什么声音？	AI震动："你...也能听到？那不应该...这太早了..."一段异常频率记录被留下。	0	0	0	0		0	0	0
10	12	4	切断连接	你强行断开了意识接口。安全第一。	0	0	0	0		0	0	0
\.


--
-- Data for Name: implant_defs; Type: TABLE DATA; Schema: public; Owner: sws
--

COPY public.implant_defs (id, name, slot_type, grade, description, effect_type, effect_value, set_name, stability) FROM stdin;
1	记忆增幅器 I	cortex	white	提升技能训练速度	train_speed	0.03		100
2	记忆增幅器 II	cortex	green	提升技能训练速度	train_speed	0.05		100
3	战术模拟器 I	cortex	green	战斗中显示敌方下1Tick行动概率	combat_predict	0.05	战争之魂	100
4	科研加速器 I	cortex	blue	提升组织科研贡献效率	research_speed	0.08		100
10	反应加速器 I	spine	white	减少跃迁对齐时间	align_speed	0.03		100
11	精密操控体 I	spine	green	提升武器追踪速度	tracking_speed	0.05	战争之魂	100
12	采矿优化体 I	spine	green	减少采矿周期时间	mining_cycle	0.05	锻造之心	100
20	体质强化序列 I	gene	white	提升意识完整度恢复速度	consciousness_regen	0.03		100
21	疲劳抑制因子 I	gene	green	提升疲劳值恢复速度	fatigue_regen	0.05		100
22	神经再生序列 I	gene	blue	减少死亡时意识完整度损失	death_protection	0.08		100
30	舰船融合接口 I	neural	blue	与舰载AI协调度+，解锁高级自动化	ai_coordination	0.08		100
31	意识广播接口 I	neural	purple	指挥加成范围大幅提升	command_range	0.15		100
\.


--
-- Data for Name: item_defs; Type: TABLE DATA; Schema: public; Owner: sws
--

COPY public.item_defs (id, name, category, description, volume, base_price, stackable, tech_level, module_type, size_class, damage_per_tick, damage_type, optimal_range, falloff_range, tracking_speed, rate_of_fire, pg_cost, cpu_cost, cap_cost, bonus_type, bonus_value, slot_type) FROM stdin;
1001	铁陨石	ore	最常见的小行星矿石，含有大量工业铁	0.1	10	t	1			0		0	0	0	1	0	0	0		0	
1002	铜辉矿	ore	含铜量较高的矿石，偶有银的伴生	0.1	15	t	1			0		0	0	0	1	0	0	0		0	
1003	钛铁矿	ore	钛和铁的共生矿物，轻质高强	0.1	25	t	1			0		0	0	0	1	0	0	0		0	
1004	铬尖晶石	ore	铬和镁的复合矿石	0.1	30	t	1			0		0	0	0	1	0	0	0		0	
1005	钨锰矿	ore	极高熔点的钨锰矿石，零安专属	0.1	80	t	1			0		0	0	0	1	0	0	0		0	
1006	铌钽铁矿	ore	含稀有金属铌和钽，超导材料来源	0.1	120	t	1			0		0	0	0	1	0	0	0		0	
1007	钼铅矿	ore	含钼和铅，高温结构和辐射屏蔽用	0.1	100	t	1			0		0	0	0	1	0	0	0		0	
1008	铂族砂矿	ore	含铂铱锇等贵金属的砂矿	0.1	250	t	1			0		0	0	0	1	0	0	0		0	
1009	铪锆英石	ore	极稀有矿石，含铪和锆	0.1	400	t	1			0		0	0	0	1	0	0	0		0	
1010	锕系重矿	ore	含铀钍等放射性元素的矿石	0.1	500	t	1			0		0	0	0	1	0	0	0		0	
1101	氢雾	gas	最常见的星云气体	0.05	5	t	1			0		0	0	0	1	0	0	0		0	
1102	氦辉云	gas	含氦-3的星云气体，聚变燃料来源	0.05	50	t	1			0		0	0	0	1	0	0	0		0	
1103	碳氢星云	gas	含甲烷和乙烯链的气体	0.05	20	t	1			0		0	0	0	1	0	0	0		0	
1201	水冰	ice	纯水冰，生命维持基础	0.2	8	t	1			0		0	0	0	1	0	0	0		0	
1202	重水冰	ice	含重水的冰块，聚变燃料	0.2	60	t	1			0		0	0	0	1	0	0	0		0	
1203	氨冰	ice	液氨冰块，冷却剂原料	0.2	15	t	1			0		0	0	0	1	0	0	0		0	
2001	工业纯铁	mineral	最基础的结构材料	0.01	20	t	2			0		0	0	0	1	0	0	0		0	
2002	电解铜	mineral	高纯度铜，导线和电路基材	0.01	30	t	2			0		0	0	0	1	0	0	0		0	
2003	海绵钛	mineral	轻质高强结构材料	0.01	50	t	2			0		0	0	0	1	0	0	0		0	
2004	金属铬	mineral	耐腐蚀镀层材料	0.01	60	t	2			0		0	0	0	1	0	0	0		0	
2005	钨粉	mineral	极高熔点，发动机喷口材料	0.01	160	t	2			0		0	0	0	1	0	0	0		0	
2006	铌条	mineral	超导材料基础	0.01	240	t	2			0		0	0	0	1	0	0	0		0	
2007	钼板	mineral	高温结构材料	0.01	200	t	2			0		0	0	0	1	0	0	0		0	
2008	铂	mineral	贵金属催化剂	0.01	500	t	2			0		0	0	0	1	0	0	0		0	
2009	电解锰	mineral	合金添加剂	0.01	40	t	2			0		0	0	0	1	0	0	0		0	
2010	镁锭	mineral	轻合金基材	0.01	35	t	2			0		0	0	0	1	0	0	0		0	
2011	燃料级氢	mineral	常规推进燃料	0.02	10	t	2			0		0	0	0	1	0	0	0		0	
2012	聚变级氦-3	mineral	高效聚变燃料，极高价值	0.02	100	t	2			0		0	0	0	1	0	0	0		0	
2013	超纯水	mineral	冷却/化工用超纯水	0.02	15	t	2			0		0	0	0	1	0	0	0		0	
3001	船用结构钢	alloy	舰船最基础的结构材料，用量极大	0.05	80	t	3			0		0	0	0	1	0	0	0		0	
3002	航天钛合金	alloy	轻质高强，护卫舰到巡洋舰的主结构	0.05	150	t	3			0		0	0	0	1	0	0	0		0	
3003	重型钨钼板	alloy	极端耐热，发动机和武器管壁	0.05	400	t	3			0		0	0	0	1	0	0	0		0	
3004	铌基超导线材	alloy	所有电磁系统的基础导线	0.02	500	t	3			0		0	0	0	1	0	0	0		0	
3005	辐射屏蔽铅钨层	alloy	反应堆周围的辐射屏蔽	0.08	300	t	3			0		0	0	0	1	0	0	0		0	
3006	标准燃料棒	consumable	裂变反应堆燃料	0.1	200	t	3			0		0	0	0	1	0	0	0		0	
3007	聚变燃料球	consumable	聚变堆弹丸	0.05	350	t	3			0		0	0	0	1	0	0	0		0	
5001	小型采矿激光 I	module	基础采矿装备	5	5000	f	1			0		0	0	0	1	0	0	0		0	
5002	小型脉冲激光 I	module	短程能量武器	5	8000	f	1			0		0	0	0	1	0	0	0		0	
5005	1MN加力推进器	module	增加亚光速速度	5	4000	f	1			0		0	0	0	1	0	0	0		0	
5006	磁轨炮 I	module	中程动能武器	5	10000	f	1			0		0	0	0	1	0	0	0		0	
5007	导弹发射器 I	module	远程爆炸武器	5	12000	f	1			0		0	0	0	1	0	0	0		0	
5008	跃迁干扰器 I	module	阻止目标跃迁逃跑	5	15000	f	1			0		0	0	0	1	0	0	0		0	
5010	小型磁轨炮 I	module	中远程动能武器	5	10000	f	1	weapon	small	40	kinetic	20000	10000	0.25	1	6	25	3		0	high
5011	小型离子炮 I	module	短程高伤动能武器	5	9000	f	1	weapon	small	50	kinetic	6000	3000	0.4	1	10	18	4		0	high
5020	小型导弹发射器 I	module	通用导弹，爆炸伤害，命中率高但伤害一般	5	11000	f	1	weapon	small	28	explosive	25000	0	99	2	12	22	0		0	high
5021	小型火箭发射器 I	module	短程火箭，高伤害高射速	5	9000	f	1	weapon	small	38	explosive	8000	0	99	1	8	15	0		0	high
5030	小型电磁脉冲器 I	module	电磁伤害，对护盾特别有效	5	13000	f	1	weapon	small	25	em	12000	6000	0.35	1	5	30	10		0	high
5101	中型脉冲激光 I	module	中型短程能量武器	10	80000	f	3	weapon	medium	90	thermal	12000	6000	0.18	1	30	35	15		0	high
5110	中型磁轨炮 I	module	中型中远程动能武器	10	100000	f	3	weapon	medium	100	kinetic	30000	15000	0.1	1	25	45	8		0	high
5111	中型离子炮 I	module	中型短程高伤动能	10	90000	f	3	weapon	medium	130	kinetic	10000	5000	0.16	1	40	35	10		0	high
5120	中型导弹发射器 I	module	中型通用导弹	10	110000	f	3	weapon	medium	80	explosive	40000	0	99	2	35	50	0		0	high
5130	中型电磁脉冲器 I	module	中型电磁武器	10	120000	f	3	weapon	medium	65	em	20000	10000	0.14	1	20	55	25		0	high
5500	小型三角装甲泵 I	module	装甲HP+10%	5	20000	f	1	rig	small	0		0	0	0	1	0	0	0	armor_hp_pct	0.1	rig
5501	小型核心防御力场扩展 I	module	护盾HP+10%	5	20000	f	1	rig	small	0		0	0	0	1	0	0	0	shield_hp_pct	0.1	rig
5502	小型辅助推进器 I	module	亚光速速度+10%	5	18000	f	1	rig	small	0		0	0	0	1	0	0	0	speed_pct	0.1	rig
5503	小型火力控制回路 I	module	武器追踪速度+10%	5	25000	f	1	rig	small	0		0	0	0	1	0	0	0	tracking_pct	0.1	rig
5504	小型碰撞加速器 I	module	武器伤害+10%	5	30000	f	1	rig	small	0		0	0	0	1	0	0	0	damage_pct	0.1	rig
5505	小型采矿器强化 I	module	采矿产出+10%	5	15000	f	1	rig	small	0		0	0	0	1	0	0	0	mining_yield_pct	0.1	rig
5506	小型宇航扩展 I	module	货仓容量+15%	5	12000	f	1	rig	small	0		0	0	0	1	0	0	0	cargo_pct	0.15	rig
5510	中型三角装甲泵 I	module	装甲HP+15%	10	150000	f	3	rig	medium	0		0	0	0	1	0	0	0	armor_hp_pct	0.15	rig
5511	中型核心防御力场扩展 I	module	护盾HP+15%	10	150000	f	3	rig	medium	0		0	0	0	1	0	0	0	shield_hp_pct	0.15	rig
5150	大型脉冲激光 I	module	大型短程能量武器	20	500000	f	5	weapon	large	220	thermal	18000	10000	0.06	1	100	60	40		0	high
5151	大型聚焦激光 I	module	大型远程能量武器	20	600000	f	5	weapon	large	180	thermal	40000	20000	0.04	1	120	70	50		0	high
5160	大型磁轨炮 I	module	大型远程动能武器	20	650000	f	5	weapon	large	250	kinetic	50000	25000	0.03	1	90	80	20		0	high
5161	大型离子炮 I	module	大型近距高伤动能武器	20	550000	f	5	weapon	large	320	kinetic	15000	8000	0.05	1	150	65	25		0	high
5170	鱼雷发射器 I	module	大型鱼雷，极高单发伤害	20	700000	f	5	weapon	large	400	explosive	30000	0	99	3	130	90	0		0	high
5180	大型电磁脉冲器 I	module	大型电磁武器	20	600000	f	5	weapon	large	160	em	35000	15000	0.04	1	80	100	60		0	high
5403	大型装甲板 I	module	+1500装甲HP，速度-12%	20	350000	f	5	armor	large	0		0	0	0	1	80	15	0	armor_hp	1500	low
5430	动能装甲强化 I	module	装甲动能抗性+15%	5	12000	f	1	armor_resist	small	0		0	0	0	1	1	12	0	armor_kinetic_resist	0.15	low
5431	热能装甲强化 I	module	装甲热能抗性+15%	5	12000	f	1	armor_resist	small	0		0	0	0	1	1	12	0	armor_thermal_resist	0.15	low
5432	电磁装甲强化 I	module	装甲电磁抗性+15%	5	12000	f	1	armor_resist	small	0		0	0	0	1	1	12	0	armor_em_resist	0.15	low
5433	爆炸装甲强化 I	module	装甲爆炸抗性+15%	5	12000	f	1	armor_resist	small	0		0	0	0	1	1	12	0	armor_explosive_resist	0.15	low
5434	多光谱装甲强化 I	module	装甲全抗性+8%	5	25000	f	1	armor_resist	small	0		0	0	0	1	2	18	0	armor_omni_resist	0.08	low
5435	多光谱护盾强化 I	module	护盾全抗性+8%	5	25000	f	1	shield_resist	small	0		0	0	0	1	1	15	0	shield_omni_resist	0.08	low
5440	功率诊断系统 I	module	护盾+5% 电容+5% PG+5%	5	8000	f	1	engineering	small	0		0	0	0	1	1	8	0	power_diagnostic	0.05	low
5441	辅助能量栅格 I	module	PG上限+8%	5	10000	f	1	engineering	small	0		0	0	0	1	0	15	0	pg_bonus	0.08	low
5442	协处理器 I	module	CPU上限+8%	5	10000	f	1	engineering	small	0		0	0	0	1	3	0	0	cpu_bonus	0.08	low
5450	损伤控制 I	module	全层+12%抗性(只能装1个)	5	15000	f	1	damage_control	small	0		0	0	0	1	1	10	0	all_resist	0.12	low
5404	中型装甲维修器 I	module	每Tick修复80装甲	10	60000	f	3	armor_rep	medium	0		0	0	0	1	25	20	0	armor_repair	80	low
5405	大型装甲维修器 I	module	每Tick修复200装甲	20	400000	f	5	armor_rep	large	0		0	0	0	1	70	35	0	armor_repair	200	low
5302	大型护盾增强器 I	module	每Tick恢复250护盾	20	400000	f	5	shield	large	0		0	0	0	1	80	50	80	shield_boost	250	mid
5303	护盾扩展器 I	module	+20%护盾总量	5	8000	f	1	shield	small	0		0	0	0	1	5	20	0	shield_hp_bonus	0.2	mid
5304	中型护盾扩展器 I	module	+25%护盾总量	10	70000	f	3	shield	medium	0		0	0	0	1	15	35	0	shield_hp_bonus	0.25	mid
5312	100MN加力推进器 I	module	+35%亚光速(战列用)	20	300000	f	5	propulsion	large	0		0	0	0	1	60	40	50	speed_bonus	0.35	mid
5313	微跃引擎 I	module	3秒后瞬移100km	5	25000	f	1	propulsion	small	0		0	0	0	1	8	30	50	microjump	100000	mid
5330	小型电容充能器 I	module	每Tick恢复15电容	5	5000	f	1	capacitor	small	0		0	0	0	1	3	10	0	cap_boost	15	mid
5331	中型电容充能器 I	module	每Tick恢复35电容	10	50000	f	3	capacitor	medium	0		0	0	0	1	10	25	0	cap_boost	35	mid
5340	感应增强器 I	module	+30%传感器强度	5	10000	f	1	sensor	small	0		0	0	0	1	2	20	5	sensor_boost	0.3	mid
5341	信号放大器 I	module	+20%锁定距离	5	8000	f	1	sensor	small	0		0	0	0	1	1	15	0	lock_range	0.2	mid
5003	小型护盾增强器 I	module	加速护盾回充	5	6000	f	1			46		9000	0	0.48	1	10	18	0		0	
5004	小型装甲维修器 I	module	修复装甲损伤	5	6000	f	1			39		20000	0	0.33	1	12	24	0		0	
5012	小型磁轨炮 II	module	T2中远程动能	5	55000	f	2	weapon	small	52	kinetic	22000	12000	0.28	1	8	30	4		0	high
5013	小型离子炮 II	module	T2近距高伤	5	48000	f	2	weapon	small	65	kinetic	7000	3500	0.44	1	12	22	5		0	high
5022	小型导弹发射器 II	module	T2通用导弹	5	52000	f	2	weapon	small	36	explosive	28000	0	99	2	14	26	0		0	high
5023	小型火箭发射器 II	module	T2短程火箭	5	45000	f	2	weapon	small	50	explosive	9000	0	99	1	10	18	0		0	high
5031	小型电磁脉冲器 II	module	T2电磁武器	5	58000	f	2	weapon	small	33	em	14000	7000	0.38	1	7	35	12		0	high
5102	中型脉冲激光 II	module	T2中型能量	10	400000	f	4	weapon	medium	117	thermal	14000	7000	0.2	1	36	42	18		0	high
5112	中型磁轨炮 II	module	T2中型动能	10	450000	f	4	weapon	medium	130	kinetic	33000	18000	0.12	1	30	52	10		0	high
5113	中型离子炮 II	module	T2中型近距	10	420000	f	4	weapon	medium	169	kinetic	12000	6000	0.18	1	48	42	12		0	high
5121	中型导弹发射器 II	module	T2中型导弹	10	460000	f	4	weapon	medium	104	explosive	44000	0	99	2	42	58	0		0	high
5131	中型电磁脉冲器 II	module	T2中型电磁	10	480000	f	4	weapon	medium	85	em	22000	12000	0.16	1	24	64	30		0	high
5152	大型脉冲激光 II	module	T2大型能量	20	2500000	f	6	weapon	large	286	thermal	20000	12000	0.07	1	120	72	48		0	high
5162	大型磁轨炮 II	module	T2大型动能	20	3000000	f	6	weapon	large	325	kinetic	55000	30000	0.04	1	108	96	24		0	high
5163	大型离子炮 II	module	T2大型近距	20	2800000	f	6	weapon	large	416	kinetic	18000	10000	0.06	1	180	78	30		0	high
5171	鱼雷发射器 II	module	T2鱼雷	20	3500000	f	6	weapon	large	520	explosive	35000	0	99	3	156	108	0		0	high
5181	大型电磁脉冲器 II	module	T2大型电磁	20	3000000	f	6	weapon	large	208	em	38000	18000	0.05	1	96	120	72		0	high
6001	白羊·战焰脉冲激光	module	白羊座势力武器：+50%伤害，击杀后5Tick内伤害额外+10%	5	200000	f	3	weapon	small	53	thermal	10000	5000	0.48	1	10	18	8		0	high
6002	白羊·裂日聚焦激光	module	白羊座势力中型：集火同一目标时每Tick伤害+3%累加	10	1500000	f	5	weapon	medium	135	thermal	15000	8000	0.2	1	35	40	20		0	high
6010	金牛·陨铁磁轨炮	module	金牛座势力：+50%伤害，击穿护盾后对装甲额外+20%	5	200000	f	3	weapon	small	60	kinetic	22000	12000	0.28	1	8	28	4		0	high
6011	金牛·锻神磁轨炮	module	金牛座势力中型：命中装甲时有10%概率使目标维修失效1Tick	10	1500000	f	5	weapon	medium	150	kinetic	35000	18000	0.12	1	28	50	10		0	high
6020	双子·幻影电磁器	module	双子座势力：命中时20%概率使目标丢失锁定	5	250000	f	3	weapon	small	38	em	15000	8000	0.4	1	6	32	12		0	high
6030	天蝎·蚀毒导弹	module	天蝎座势力：命中后每Tick持续造成8点毒素伤害(持续5Tick)	5	220000	f	3	weapon	small	30	explosive	20000	0	99	1	10	20	0		0	high
6040	射手·追星导弹	module	射手座势力：射程+100%但伤害-10%，追踪极限飞行	5	200000	f	3	weapon	small	25	explosive	50000	0	99	2	12	22	0		0	high
6050	巨蟹·潮汐修复激光	module	巨蟹座势力：造成伤害的同时恢复自身护盾(伤害的30%)	5	280000	f	3	weapon	small	28	thermal	12000	6000	0.35	1	8	20	8		0	high
7001	先驱·湮灭光束	module	先驱者遗物武器：无视20%抗性，追踪速度极高	5	5000000	f	7	weapon	small	70	thermal	15000	8000	0.55	1	12	22	10		0	high
7002	先驱·因果裂隙炮	module	先驱者遗物：5%概率造成双倍伤害(因果概率武器)	5	8000000	f	8	weapon	small	55	em	18000	10000	0.42	1	8	35	15		0	high
7010	守墓者·审判之光	module	守墓者Boss掉落：+80%伤害，每5Tick自动切换最优伤害类型	10	30000000	f	8	weapon	medium	180	thermal	25000	12000	0.22	1	38	48	20		0	high
7011	守墓者·时间侵蚀炮	module	守墓者Boss掉落：命中使目标速度-5%累加(最多-50%)	10	35000000	f	8	weapon	medium	150	kinetic	30000	15000	0.18	1	30	55	12		0	high
7020	先驱意志·熵增投射器	module	先驱之影掉落：攻击直接削减目标结构(无视护盾装甲)	20	100000000	f	9	weapon	large	300	explosive	40000	20000	0.06	2	150	100	80		0	high
7021	先驱意志·概率崩塌炮	module	先驱之影掉落：每次攻击3%概率使目标一个随机模块失效	20	120000000	f	9	weapon	large	250	em	35000	18000	0.05	1	100	120	100		0	high
5305	小型护盾增强器 II	module	T2每Tick恢复55护盾	5	40000	f	2	shield	small	0		0	0	0	1	10	18	15	shield_boost	55	mid
5306	中型护盾增强器 II	module	T2每Tick恢复130护盾	10	350000	f	4	shield	medium	0		0	0	0	1	30	36	35	shield_boost	130	mid
5314	1MN加力推进器 II	module	T2+60%速度	5	30000	f	2	propulsion	small	0		0	0	0	1	6	12	10	speed_bonus	0.6	mid
5315	10MN加力推进器 II	module	T2+50%速度(巡洋)	10	250000	f	4	propulsion	medium	0		0	0	0	1	24	30	24	speed_bonus	0.5	mid
5406	小型装甲维修器 II	module	T2每Tick修复42装甲	5	45000	f	2	armor_rep	small	0		0	0	0	1	10	15	0	armor_repair	42	low
5407	中型装甲维修器 II	module	T2每Tick修复110装甲	10	350000	f	4	armor_rep	medium	0		0	0	0	1	30	24	0	armor_repair	110	low
5451	损伤控制 II	module	T2全层+15%抗性	5	80000	f	2	damage_control	small	0		0	0	0	1	1	12	0	all_resist	0.15	low
5413	磁稳定器 II	module	T2混合武器+12%伤害	5	60000	f	2	damage_mod	small	0		0	0	0	1	3	18	0	kinetic_damage_bonus	0.12	low
5414	散热器 II	module	T2能量武器+12%伤害	5	60000	f	2	damage_mod	small	0		0	0	0	1	3	18	0	thermal_damage_bonus	0.12	low
5415	弹道控制系统 II	module	T2导弹+12%伤害	5	60000	f	2	damage_mod	small	0		0	0	0	1	3	18	0	explosive_damage_bonus	0.12	low
\.


--
-- Data for Name: manufacture_recipes; Type: TABLE DATA; Schema: public; Owner: sws
--

COPY public.manufacture_recipes (id, output_item_id, output_quantity, build_time_sec, tech_level) FROM stdin;
1	3001	10	120	3
2	3002	5	180	3
3	3003	2	300	3
4	3004	5	240	3
5	3005	3	200	3
6	3006	10	60	3
7	3007	5	90	3
\.


--
-- Data for Name: manufacture_materials; Type: TABLE DATA; Schema: public; Owner: sws
--

COPY public.manufacture_materials (id, recipe_id, item_def_id, quantity) FROM stdin;
1	1	2001	50
2	1	2009	10
3	1	2004	5
4	2	2003	30
5	2	2010	10
6	3	2005	20
7	3	2007	10
8	4	2006	15
9	4	2003	5
10	5	2005	10
11	5	2001	30
12	6	2011	50
13	6	2013	20
14	7	2012	20
15	7	2013	10
\.


--
-- Data for Name: npc_defs; Type: TABLE DATA; Schema: public; Owner: sws
--

COPY public.npc_defs (id, name, npc_type, tier, shield_hp, armor_hp, structure_hp, shield_recharge, damage_per_tick, damage_type, optimal_range, speed, signature, bounty, ai_behavior, shield_res_kinetic, shield_res_thermal, shield_res_em, shield_res_explosive, armor_res_kinetic, armor_res_thermal, armor_res_em, armor_res_explosive, warp_speed, align_ticks) FROM stdin;
1	失控清扫者	machine	1	300	200	150	8	30	kinetic	10000	250	50	500	aggressive	0.35	0.15	0.05	0.2	0.45	0.2	0.05	0.25	1.5	8
2	游荡哨兵	machine	2	800	600	400	15	60	kinetic	15000	200	80	2000	aggressive	0.35	0.15	0.05	0.2	0.45	0.2	0.05	0.25	1.5	8
3	歼灭者	machine	3	2000	1500	1000	25	120	thermal	20000	180	120	8000	aggressive	0.35	0.15	0.05	0.2	0.45	0.2	0.05	0.25	1.5	8
4	自走堡垒	machine	4	5000	4000	3000	40	200	thermal	25000	100	250	25000	defensive	0.35	0.15	0.05	0.2	0.45	0.2	0.05	0.25	1.5	8
5	毁灭核心	machine	5	15000	10000	8000	60	400	explosive	30000	80	400	100000	aggressive	0.35	0.15	0.05	0.2	0.45	0.2	0.05	0.25	1.5	8
10	真空水母	alien	1	200	100	300	5	20	em	5000	150	60	300	passive	0.05	0.4	0.2	0.1	0.1	0.45	0.15	0.15	0	99
11	星际鲨	alien	2	500	800	600	10	80	kinetic	8000	400	70	3000	aggressive	0.05	0.4	0.2	0.1	0.1	0.45	0.15	0.15	0	99
12	虫巢体	alien	3	1000	2000	1500	15	50	thermal	12000	120	200	10000	spawner	0.05	0.4	0.2	0.1	0.1	0.45	0.15	0.15	0	99
20	相位幽灵	dimension	2	600	300	500	20	70	em	18000	350	40	5000	evasive	0.2	0.05	0.3	0.45	0.15	0.05	0.35	0.5	0	1
21	空间折叠兽	dimension	3	1500	1000	800	25	100	explosive	15000	250	100	12000	aggressive	0.2	0.05	0.3	0.45	0.15	0.05	0.35	0.5	0	1
\.


--
-- Data for Name: npc_loot_table; Type: TABLE DATA; Schema: public; Owner: sws
--

COPY public.npc_loot_table (id, npc_def_id, item_def_id, quantity_min, quantity_max, drop_chance) FROM stdin;
1	1	1001	10	50	0.8
2	2	1002	20	80	0.7
3	2	5002	1	1	0.1
4	3	1003	30	100	0.6
5	3	5006	1	1	0.15
6	4	1006	20	60	0.5
7	4	5007	1	1	0.2
8	5	1008	30	100	0.7
9	10	1101	20	50	0.9
10	11	1103	10	40	0.6
11	20	1005	10	30	0.5
12	21	1009	5	15	0.3
\.


--
-- Data for Name: refine_recipes; Type: TABLE DATA; Schema: public; Owner: sws
--

COPY public.refine_recipes (id, input_item_id, input_quantity, output_item_id, output_quantity, skill_required) FROM stdin;
1	1001	100	2001	50	
2	1002	100	2002	40	
3	1003	100	2003	30	
4	1003	100	2001	20	
5	1004	100	2004	30	
6	1004	100	2010	25	
7	1005	100	2005	20	
8	1005	100	2009	15	
9	1006	100	2006	15	
10	1007	100	2007	20	
11	1008	100	2008	10	
12	1101	100	2011	80	
13	1102	100	2012	30	
14	1201	100	2013	60	
\.


--
-- Data for Name: ship_defs; Type: TABLE DATA; Schema: public; Owner: sws
--

COPY public.ship_defs (id, name, race_id, tier, ship_class, ship_role, shield_hp, armor_hp, structure_hp, shield_recharge, capacitor, cap_recharge, max_speed, align_ticks, signature, high_slots, mid_slots, low_slots, cargo_m3, drone_bay_m3, powergrid, cpu, shield_res_kinetic, shield_res_thermal, shield_res_em, shield_res_explosive, armor_res_kinetic, armor_res_thermal, armor_res_em, armor_res_explosive, warp_speed, warp_cap_cost, jump_range, mass, race_bonus) FROM stdin;
113	裂阵	1	4	战列巡洋舰	攻击	6500	5000	3500	130	900	22	220	6	220	6	4	3	400	0	260	320	0.22	0.5	0.2	0.08	0.25	0.45	0.1	0.2	2.5	200	0	25000000	白羊战巡:每级+5%中型能量武器伤害
1	锐矛	1	1	护卫舰	突击	800	600	400	25	400	12	450	2	40	3	2	2	150	0	60	130	0.1	0.45	0.25	0.05	0.35	0.5	0.1	0.15	5	30	0	1200000	白羊座加成: 每级小型能量武器技能+5%伤害
2	怒目	1	1	护卫舰	电子	600	400	350	20	500	15	380	3	35	2	3	2	120	0	50	160	0.1	0.45	0.25	0.05	0.35	0.5	0.1	0.15	4.5	35	0	1400000	白羊座加成: 每级小型能量武器技能+5%伤害
3	焚城	1	2	驱逐舰	火力	1500	1200	800	30	600	15	350	4	80	5	3	2	300	0	95	190	0.1	0.45	0.25	0.05	0.35	0.5	0.1	0.15	4	60	0	3500000	白羊座加成: 每级小型能量武器技能+5%伤害, 驱逐舰驾驶每级+10%最佳射程
4	战嚎	1	3	巡洋舰	主战	4000	3000	2000	50	1200	25	250	6	150	4	4	3	450	0	160	260	0.1	0.45	0.25	0.05	0.35	0.5	0.1	0.15	3	120	0	12000000	白羊座加成: 每级中型武器+5%伤害, 巡洋舰驾驶每级+7.5%最佳射程
5	铁蹄	2	1	护卫舰	突击	700	800	500	20	350	10	380	3	45	3	2	3	200	0	55	120	0.2	0.25	0.2	0.15	0.5	0.35	0.25	0.4	4	35	0	1500000	金牛座加成: 每级护卫舰驾驶+5%装甲HP, 每级采矿+5%产出
6	犁刃	2	1	护卫舰	工业	500	700	400	15	300	10	250	5	55	2	2	2	600	0	45	100	0.2	0.25	0.2	0.15	0.5	0.35	0.25	0.4	3	50	0	2500000	金牛座加成: 每级护卫舰驾驶+5%装甲HP, 每级采矿+5%产出
7	弥诺	2	3	巡洋舰	主战	3500	5000	2800	40	1000	20	200	7	180	4	3	5	700	0	190	230	0.2	0.25	0.2	0.15	0.5	0.35	0.25	0.4	2.5	150	0	15000000	金牛座加成: 每级巡洋舰驾驶+7.5%装甲HP, 每级装甲维修+5%效率
8	影刺	3	1	护卫舰	突击	600	400	300	20	450	14	500	2	30	3	3	2	130	0	50	170	0.15	0.2	0.5	0.1	0.2	0.15	0.4	0.1	6	25	0	1000000	双子座加成: 每级护卫舰驾驶-5%信号半径, 每级电子战+5%效果
9	虚影	3	3	巡洋舰	隐形	3000	2000	1500	35	1400	30	300	4	100	3	5	3	350	0	130	320	0.15	0.2	0.5	0.1	0.2	0.15	0.4	0.1	4.5	100	0	11000000	双子座加成: 每级巡洋舰驾驶-7.5%信号半径, 可装备隐形装置
114	号角	1	4	战列巡洋舰	指挥	7000	5500	4000	140	800	20	200	7	250	5	5	4	450	25	240	350	0.22	0.5	0.2	0.08	0.25	0.45	0.1	0.2	2.3	220	0	28000000	白羊战巡:每级+5%舰队指挥加成范围
115	烈焰	1	4	战列巡洋舰	重火力	7500	4500	3800	150	1000	25	190	7	260	7	3	3	350	0	290	300	0.22	0.5	0.2	0.08	0.25	0.45	0.1	0.2	2.2	230	0	30000000	白羊战巡:每级+7%中型能量武器伤害
116	阿瑞斯	1	5	战列舰	主力	12000	9000	6000	240	1200	30	150	8	320	7	5	5	500	30	480	420	0.22	0.5	0.2	0.08	0.25	0.45	0.1	0.2	2	350	0	60000000	白羊战列:每级+5%大型能量武器伤害
117	刺穿	1	5	战列舰	狙击	10000	7000	5000	200	1100	27	130	9	300	8	4	4	400	0	520	450	0.22	0.5	0.2	0.08	0.25	0.45	0.1	0.2	1.8	380	0	55000000	白羊战列:每级+10%大型武器最佳射程
118	羝撞	1	5	战列舰	近战	14000	11000	7000	280	1300	32	170	7	350	6	5	6	550	40	450	400	0.22	0.5	0.2	0.08	0.25	0.45	0.1	0.2	2.2	320	0	65000000	白羊战列:每级+7%近距武器伤害
119	战神之怒	1	6	无畏舰	攻城	30000	25000	15000	600	2000	50	80	12	600	6	5	5	800	0	1200	800	0.22	0.5	0.2	0.08	0.25	0.45	0.1	0.2	1.2	800	5	500000000	白羊无畏:攻城模式+200%伤害
120	军团摇篮	1	6	航母	制空	35000	20000	12000	700	1800	45	70	13	700	5	5	4	1000	200	1000	700	0.22	0.5	0.2	0.08	0.25	0.45	0.1	0.2	1	900	5	600000000	白羊航母:每级+10%舰载机伤害
121	金毛天驱	1	7	泰坦	旗舰	100000	80000	50000	2000	5000	125	45	20	1500	9	7	7	2000	100	3500	2200	0.22	0.5	0.2	0.08	0.25	0.45	0.1	0.2	0.8	2000	10	2000000000	白羊泰坦:末日武器+跳跃桥
501	利爪	5	1	护卫舰	突击	700	500	400	14	450	11	420	3	42	3	2	2	180	0	58	135	0.18	0.48	0.22	0.08	0.28	0.48	0.12	0.18	5.5	35	0	1200000	狮子护卫:每级+5%武器伤害
502	威视	5	1	护卫舰	电子	550	450	350	11	500	12	380	3	40	2	3	2	150	0	48	155	0.18	0.48	0.22	0.08	0.28	0.48	0.12	0.18	5	40	0	1300000	狮子护卫:每级+5%传感器强度
503	侍从	5	1	护卫舰	后勤	650	600	400	13	400	10	350	3	45	2	2	3	170	20	55	140	0.18	0.48	0.22	0.08	0.28	0.48	0.12	0.18	4.8	38	0	1250000	狮子护卫:每级+5%遥修量
504	贡品	5	1	护卫舰	工业	800	700	500	16	350	9	280	4	55	2	2	2	650	0	50	120	0.18	0.48	0.22	0.08	0.28	0.48	0.12	0.18	4	45	0	1500000	狮子护卫:每级+5%货仓
505	裂吼	5	2	驱逐舰	火力	1600	1200	800	32	700	17	340	4	80	6	3	2	280	0	95	185	0.18	0.48	0.22	0.08	0.28	0.48	0.12	0.18	4.2	60	0	3000000	狮子驱逐:每级+5%武器伤害
506	鬃盾	5	2	驱逐舰	防御	1800	1500	1000	36	600	15	290	5	95	4	3	3	300	0	90	175	0.18	0.48	0.22	0.08	0.28	0.48	0.12	0.18	3.8	65	0	3200000	狮子驱逐:每级+5%全抗性
507	围猎	5	2	驱逐舰	拦截	1400	1000	700	28	650	16	380	3	70	5	3	2	260	0	92	190	0.18	0.48	0.22	0.08	0.28	0.48	0.12	0.18	4.5	55	0	2800000	狮子驱逐:每级+8%跃迁干扰强度
508	涅墨亚	5	3	巡洋舰	主战	4200	3500	2200	84	800	20	240	6	160	5	4	4	420	25	170	270	0.18	0.48	0.22	0.08	0.28	0.48	0.12	0.18	3	120	0	12000000	狮子巡洋:每级+5%中型武器伤害
509	耀辉	5	3	巡洋舰	电子战	3500	2800	1800	70	700	17	220	6	170	3	5	3	380	0	145	300	0.18	0.48	0.22	0.08	0.28	0.48	0.12	0.18	2.8	130	0	11000000	狮子巡洋:每级+10%传感器强度
510	王恩	5	3	巡洋舰	后勤	4500	4000	2500	90	600	15	200	7	165	3	4	4	400	30	160	280	0.18	0.48	0.22	0.08	0.28	0.48	0.12	0.18	2.7	140	0	13000000	狮子巡洋:每级+8%遥修量
511	王领	5	3	巡洋舰	采矿	3800	3200	2400	76	600	15	190	7	175	3	3	5	550	0	175	260	0.18	0.48	0.22	0.08	0.28	0.48	0.12	0.18	2.5	145	0	12500000	狮子巡洋:每级+5%采矿产出
512	伏狮	5	3	巡洋舰	隐形	3300	2400	1700	66	750	18	270	5	120	4	4	3	350	0	150	290	0.18	0.48	0.22	0.08	0.28	0.48	0.12	0.18	3.3	115	0	10000000	狮子巡洋:可装隐形装置
513	征服	5	4	战列巡洋舰	攻击	6800	5500	3800	136	900	22	210	6	230	6	4	4	420	25	270	330	0.18	0.48	0.22	0.08	0.28	0.48	0.12	0.18	2.4	200	0	26000000	狮子战巡:每级+5%大型武器伤害
514	王座	5	4	战列巡洋舰	指挥	7500	6000	4200	150	850	21	195	7	260	5	5	4	480	30	250	360	0.18	0.48	0.22	0.08	0.28	0.48	0.12	0.18	2.2	220	0	30000000	狮子战巡:每级+10%舰队指挥范围
515	日炎	5	4	战列巡洋舰	重火力	7800	5000	4000	156	1000	25	185	8	270	7	3	4	380	0	300	310	0.18	0.48	0.22	0.08	0.28	0.48	0.12	0.18	2.1	235	0	32000000	狮子战巡:每级+8%大型武器伤害
516	赫利俄斯	5	5	战列舰	主力	13000	10000	6500	260	1300	32	140	9	330	7	5	5	520	40	500	430	0.18	0.48	0.22	0.08	0.28	0.48	0.12	0.18	1.9	360	0	65000000	狮子战列:每级+5%大型武器伤害
517	神罚	5	5	战列舰	狙击	10500	8000	5500	210	1200	30	120	10	310	8	4	5	420	0	540	470	0.18	0.48	0.22	0.08	0.28	0.48	0.12	0.18	1.7	400	0	58000000	狮子战列:每级+10%武器射程
518	狮王	5	5	战列舰	近战	14000	12000	7500	280	1400	35	160	8	360	6	5	6	580	50	470	410	0.18	0.48	0.22	0.08	0.28	0.48	0.12	0.18	2.1	340	0	70000000	狮子战列:每级+7%近距伤害
519	日冕之怒	5	6	无畏舰	攻城	32000	28000	16000	640	2200	55	85	12	650	7	5	5	900	0	1300	850	0.18	0.48	0.22	0.08	0.28	0.48	0.12	0.18	1.2	850	5	550000000	狮子无畏:攻城+指挥双模式
520	王庭	5	6	航母	制空	38000	22000	13000	760	2000	50	65	14	750	5	6	5	1200	250	1100	750	0.18	0.48	0.22	0.08	0.28	0.48	0.12	0.18	1	950	5	650000000	狮子航母:每级+12%舰载机伤害
521	永恒王权	5	7	泰坦	旗舰	110000	90000	55000	2200	5500	137	40	22	1600	10	7	7	2500	150	3800	2400	0.18	0.48	0.22	0.08	0.28	0.48	0.12	0.18	0.7	2200	10	2200000000	狮子泰坦:末日武器+全舰队指挥
701	衡击	7	1	护卫舰	突击	650	500	380	13	420	10	400	3	43	3	2	2	200	0	55	140	0.18	0.22	0.45	0.12	0.22	0.18	0.38	0.12	5	35	0	1200000	天秤护卫:每级+5%后勤模块效率
702	契约	7	1	护卫舰	电子	580	420	350	11	480	12	370	3	38	2	3	2	180	0	48	160	0.18	0.22	0.45	0.12	0.22	0.18	0.38	0.12	4.8	38	0	1300000	天秤护卫:每级+5%传感器强度
703	馈赠	7	1	护卫舰	后勤	700	580	420	14	450	11	340	3	46	2	3	3	190	20	52	145	0.18	0.22	0.45	0.12	0.22	0.18	0.38	0.12	4.5	40	0	1250000	天秤护卫:每级+8%遥修量
704	称量	7	1	护卫舰	工业	750	650	480	15	380	9	260	4	52	2	2	2	700	0	50	125	0.18	0.22	0.45	0.12	0.22	0.18	0.38	0.12	3.8	42	0	1500000	天秤护卫:每级+8%货仓容量
705	砝码	7	2	驱逐舰	火力	1500	1100	750	30	650	16	330	4	78	5	3	3	300	0	90	190	0.18	0.22	0.45	0.12	0.22	0.18	0.38	0.12	4	58	0	3000000	天秤驱逐:每级+5%武器伤害
706	和约	7	2	驱逐舰	防御	1700	1400	950	34	550	14	280	5	92	4	3	3	320	10	88	180	0.18	0.22	0.45	0.12	0.22	0.18	0.38	0.12	3.6	62	0	3200000	天秤驱逐:每级+5%全抗性
707	关税	7	2	驱逐舰	拦截	1300	950	680	26	600	15	370	3	68	5	3	2	280	0	85	195	0.18	0.22	0.45	0.12	0.22	0.18	0.38	0.12	4.3	52	0	2800000	天秤驱逐:每级+5%跃迁干扰强度
708	忒弥斯	7	3	巡洋舰	主战	3800	3200	2100	76	750	18	230	6	155	4	4	4	430	25	165	275	0.18	0.22	0.45	0.12	0.22	0.18	0.38	0.12	3	115	0	11500000	天秤巡洋:每级+5%武器伤害
709	诡辩	7	3	巡洋舰	电子战	3200	2600	1700	64	650	16	210	6	168	3	5	3	380	0	140	310	0.18	0.22	0.45	0.12	0.22	0.18	0.38	0.12	2.8	125	0	11000000	天秤巡洋:每级+8%电子战强度
710	均分	7	3	巡洋舰	后勤	4300	3800	2400	86	600	15	200	7	162	3	4	5	420	30	158	270	0.18	0.22	0.45	0.12	0.22	0.18	0.38	0.12	2.6	135	0	12500000	天秤巡洋:每级+10%遥修量
711	采买	7	3	巡洋舰	采矿	3600	3000	2200	72	550	14	185	7	172	3	3	5	550	0	170	255	0.18	0.22	0.45	0.12	0.22	0.18	0.38	0.12	2.4	140	0	12000000	天秤巡洋:每级+5%采矿产出
712	暗账	7	3	巡洋舰	隐形	3000	2200	1600	60	700	17	260	5	115	3	4	3	360	0	145	295	0.18	0.22	0.45	0.12	0.22	0.18	0.38	0.12	3.2	110	0	10000000	天秤巡洋:可装隐形装置
713	制裁	7	4	战列巡洋舰	攻击	6200	5200	3500	124	850	21	205	6	225	6	4	4	420	20	255	325	0.18	0.22	0.45	0.12	0.22	0.18	0.38	0.12	2.4	195	0	25000000	天秤战巡:每级+5%武器伤害
714	议长	7	4	战列巡洋舰	指挥	6800	5800	4000	136	800	20	190	7	245	5	5	4	460	30	240	350	0.18	0.22	0.45	0.12	0.22	0.18	0.38	0.12	2.2	210	0	28000000	天秤战巡:每级+12%舰队指挥范围
715	仲裁	7	4	战列巡洋舰	重火力	7200	4800	3700	144	950	24	180	7	255	7	3	3	380	0	280	305	0.18	0.22	0.45	0.12	0.22	0.18	0.38	0.12	2.1	225	0	30000000	天秤战巡:每级+7%武器伤害
716	赫尔墨斯	7	5	战列舰	主力	11500	9500	6000	230	1200	30	135	9	315	7	5	5	550	35	480	420	0.18	0.22	0.45	0.12	0.22	0.18	0.38	0.12	1.8	350	0	60000000	天秤战列:每级+5%武器伤害+5%后勤
717	远规	7	5	战列舰	狙击	9800	7500	5200	196	1100	27	115	10	300	8	4	4	430	0	520	460	0.18	0.22	0.45	0.12	0.22	0.18	0.38	0.12	1.6	380	0	55000000	天秤战列:每级+10%武器射程
718	天秤	7	5	战列舰	近战	13000	11000	7000	260	1350	33	155	8	345	6	5	6	500	40	460	400	0.18	0.22	0.45	0.12	0.22	0.18	0.38	0.12	2	330	0	65000000	天秤战列:每级+5%全抗性
719	终审裁决	7	6	无畏舰	攻城	28000	24000	14000	560	2000	50	80	12	620	6	5	5	850	0	1150	780	0.18	0.22	0.45	0.12	0.22	0.18	0.38	0.12	1.1	800	5	500000000	天秤无畏:攻城模式
720	万商之港	7	6	航母	制空	33000	20000	12000	660	1800	45	70	13	700	5	6	4	1500	200	1050	720	0.18	0.22	0.45	0.12	0.22	0.18	0.38	0.12	1	880	5	580000000	天秤航母:超大货仓+后勤加成
721	黄金律法	7	7	泰坦	旗舰	95000	78000	48000	1900	5000	125	42	20	1400	9	7	7	3000	120	3300	2100	0.18	0.22	0.45	0.12	0.22	0.18	0.38	0.12	0.75	2000	10	1900000000	天秤泰坦:末日武器+超级跳跃桥
1201	噬咬	12	1	护卫舰	突击	600	450	400	12	400	10	410	3	42	3	2	2	180	15	55	135	0.12	0.3	0.25	0.38	0.32	0.35	0.28	0.32	5	35	0	1200000	双鱼护卫:每Tick自修+5HP
1202	感潮	12	1	护卫舰	电子	520	400	380	10	450	11	380	3	38	2	3	2	160	10	48	155	0.12	0.3	0.25	0.38	0.32	0.35	0.28	0.32	4.8	38	0	1250000	双鱼护卫:每级+5%传感器强度
1203	共生	12	1	护卫舰	后勤	700	600	450	14	420	10	340	3	45	2	2	3	180	20	52	140	0.12	0.3	0.25	0.38	0.32	0.35	0.28	0.32	4.5	40	0	1300000	双鱼护卫:每级+8%遥修量
1204	滤食	12	1	护卫舰	工业	750	700	500	15	350	9	270	4	52	2	2	2	600	0	50	120	0.12	0.3	0.25	0.38	0.32	0.35	0.28	0.32	4	42	0	1450000	双鱼护卫:每级+5%采矿产出
1205	漩涡	12	2	驱逐舰	火力	1400	1100	800	28	650	16	340	4	80	5	3	3	280	20	92	185	0.12	0.3	0.25	0.38	0.32	0.35	0.28	0.32	4.2	58	0	3000000	双鱼驱逐:每级+5%武器伤害
1206	鳞甲	12	2	驱逐舰	防御	1700	1500	1000	34	550	14	280	5	95	4	3	3	310	15	88	178	0.12	0.3	0.25	0.38	0.32	0.35	0.28	0.32	3.7	62	0	3300000	双鱼驱逐:每Tick自修+10HP
1207	缠藻	12	2	驱逐舰	拦截	1250	900	700	25	600	15	380	3	65	5	3	2	260	10	85	192	0.12	0.3	0.25	0.38	0.32	0.35	0.28	0.32	4.5	52	0	2700000	双鱼驱逐:每级+8%停滞网强度
1208	普罗透斯	12	3	巡洋舰	主战	3800	3500	2300	76	700	17	230	6	155	4	4	4	400	40	165	270	0.12	0.3	0.25	0.38	0.32	0.35	0.28	0.32	3	120	0	11500000	双鱼巡洋:每Tick自修+20HP，属性适应
1209	幻海	12	3	巡洋舰	电子战	3200	2700	1800	64	650	16	210	6	165	3	5	3	370	25	140	305	0.12	0.3	0.25	0.38	0.32	0.35	0.28	0.32	2.8	125	0	11000000	双鱼巡洋:每级+8%电子战强度
1210	愈潮	12	3	巡洋舰	后勤	4500	4200	2600	90	600	15	195	7	162	3	4	5	420	35	158	265	0.12	0.3	0.25	0.38	0.32	0.35	0.28	0.32	2.6	135	0	12500000	双鱼巡洋:每级+12%遥修量
1211	珊瑚	12	3	巡洋舰	采矿	3500	3200	2400	70	550	14	185	7	170	3	3	5	520	20	168	255	0.12	0.3	0.25	0.38	0.32	0.35	0.28	0.32	2.4	140	0	12000000	双鱼巡洋:每级+5%采矿产出
1212	深潜	12	3	巡洋舰	隐形	3000	2200	1700	60	700	17	265	5	110	3	4	3	350	15	145	290	0.12	0.3	0.25	0.38	0.32	0.35	0.28	0.32	3.3	110	0	9800000	双鱼巡洋:可装隐形+自修
1213	海啸	12	4	战列巡洋舰	攻击	6000	5200	3600	120	850	21	210	6	225	6	4	4	400	30	258	318	0.12	0.3	0.25	0.38	0.32	0.35	0.28	0.32	2.5	195	0	25000000	双鱼战巡:每级+5%武器伤害
1214	洋流	12	4	战列巡洋舰	指挥	6600	5800	4000	132	800	20	195	7	242	5	5	4	450	35	242	345	0.12	0.3	0.25	0.38	0.32	0.35	0.28	0.32	2.3	210	0	28000000	双鱼战巡:每级+8%舰队指挥范围
1215	巨口	12	4	战列巡洋舰	重火力	7000	4800	3800	140	950	24	185	7	258	7	3	3	370	0	282	302	0.12	0.3	0.25	0.38	0.32	0.35	0.28	0.32	2.2	225	0	29000000	双鱼战巡:每级+7%武器伤害
1216	波塞冬	12	5	战列舰	主力	11000	9500	6200	220	1200	30	135	9	320	7	5	5	520	50	475	415	0.12	0.3	0.25	0.38	0.32	0.35	0.28	0.32	1.9	345	0	58000000	双鱼战列:每Tick自修+50HP
1217	三叉戟	12	5	战列舰	狙击	9500	7500	5300	190	1100	27	118	10	305	8	4	4	420	0	515	455	0.12	0.3	0.25	0.38	0.32	0.35	0.28	0.32	1.7	375	0	54000000	双鱼战列:每级+10%武器射程
1218	利维坦	12	5	战列舰	近战	13500	11500	7200	270	1350	33	158	8	348	6	5	6	560	60	458	398	0.12	0.3	0.25	0.38	0.32	0.35	0.28	0.32	2.1	328	0	65000000	双鱼战列:每级+5%全抗性+自修
1219	深海之心	12	6	无畏舰	攻城	29000	25000	15000	580	2000	50	78	12	630	6	5	5	880	0	1180	790	0.12	0.3	0.25	0.38	0.32	0.35	0.28	0.32	1.1	810	5	520000000	双鱼无畏:生物攻城模式
1220	孕海之母	12	6	航母	制空	34000	21000	12500	680	1850	46	68	13	720	5	5	5	1100	220	1060	730	0.12	0.3	0.25	0.38	0.32	0.35	0.28	0.32	1	890	5	600000000	双鱼航母:有机舰载机+自修
1221	万物归流	12	7	泰坦	旗舰	98000	82000	52000	1960	5200	130	38	21	1450	9	7	7	2200	150	3400	2150	0.12	0.3	0.25	0.38	0.32	0.35	0.28	0.32	0.72	2050	10	2000000000	双鱼泰坦:生物末日武器+全舰队自修
223	铸魂方舟	2	6	后勤航	舰队维修	25000	30000	15000	500	2400	60	55	14	700	3	6	6	900	50	950	720	0.2	0.25	0.2	0.15	0.5	0.35	0.25	0.4	0.9	950	5	620000000	金牛后勤航:每级+10%装甲维修量
224	钢铁母巢	2	6	超级航母	制空	40000	45000	22000	800	2700	67	50	16	880	5	5	7	1500	380	1600	850	0.2	0.25	0.2	0.15	0.5	0.35	0.25	0.4	0.85	1250	7	850000000	金牛超航:最厚装甲超航+工业功能
212	掘金	2	3	巡洋舰	采矿	3200	4200	2800	64	550	14	170	8	185	3	3	5	650	0	180	240	0.2	0.25	0.2	0.15	0.5	0.35	0.25	0.4	2.3	140	0	13000000	金牛巡洋:每级+8%采矿产出
213	暗矿	2	3	巡洋舰	隐形	2800	3500	2000	56	650	16	250	5	120	3	4	4	380	0	150	280	0.2	0.25	0.2	0.15	0.5	0.35	0.25	0.4	3.2	110	0	10000000	金牛巡洋:可装隐形+采矿加成
214	怒牛	2	4	战列巡洋舰	攻击	6000	7500	4200	120	850	21	180	7	240	5	3	5	450	0	280	310	0.2	0.25	0.2	0.15	0.5	0.35	0.25	0.4	2.2	210	0	28000000	金牛战巡:每级+5%武器伤害+5%装甲HP
215	锻炉	2	4	战列巡洋舰	指挥	6500	8000	4500	130	800	20	170	8	260	5	4	5	500	30	265	340	0.2	0.25	0.2	0.15	0.5	0.35	0.25	0.4	2.1	225	0	30000000	金牛战巡:每级+8%舰队装甲加成
216	陨铁	2	4	战列巡洋舰	重火力	7000	6500	4000	140	950	24	175	8	270	7	3	4	400	0	300	295	0.2	0.25	0.2	0.15	0.5	0.35	0.25	0.4	2	235	0	32000000	金牛战巡:每级+7%武器伤害
217	赫菲斯托斯	2	5	战列舰	主力	10000	14000	7500	200	1200	30	120	10	350	6	4	6	600	40	500	400	0.2	0.25	0.2	0.15	0.5	0.35	0.25	0.4	1.7	380	0	70000000	金牛战列:每级+5%大型武器+7%装甲HP
218	投矛	2	5	战列舰	狙击	8500	11000	6000	170	1100	27	110	11	320	7	4	5	480	0	530	440	0.2	0.25	0.2	0.15	0.5	0.35	0.25	0.4	1.6	400	0	60000000	金牛战列:每级+10%武器射程
219	铁角	2	5	战列舰	近战	12000	15000	8000	240	1350	33	140	9	370	5	4	7	650	50	470	380	0.2	0.25	0.2	0.15	0.5	0.35	0.25	0.4	1.9	350	0	75000000	金牛战列:最厚装甲，每级+5%装甲维修
220	大地之锤	2	6	无畏舰	攻城	25000	35000	18000	500	2000	50	70	13	680	6	4	6	1000	0	1300	780	0.2	0.25	0.2	0.15	0.5	0.35	0.25	0.4	1	850	5	600000000	金牛无畏:攻城+工业双模式
221	母矿脉	2	6	航母	制空	30000	28000	14000	600	1800	45	65	14	720	5	5	5	1500	180	1100	700	0.2	0.25	0.2	0.15	0.5	0.35	0.25	0.4	0.9	920	5	650000000	金牛航母:工业航母，可在航母内制造
222	盖亚之心	2	7	泰坦	旗舰	85000	110000	60000	1700	5000	125	35	23	1700	8	6	8	3000	100	3800	2000	0.2	0.25	0.2	0.15	0.5	0.35	0.25	0.4	0.65	2200	10	2500000000	金牛泰坦:最厚装甲泰坦+工业末日武器
312	暗面	3	3	巡洋舰	采矿	2600	2000	1600	52	600	15	220	5	110	3	4	3	450	0	140	290	0.15	0.2	0.5	0.1	0.2	0.15	0.4	0.1	3	120	0	10000000	双子巡洋:隐形采矿，信号半径-30%
313	虚影	3	3	巡洋舰	隐形	2800	1800	1500	56	700	17	290	4	95	3	5	3	320	0	130	320	0.15	0.2	0.5	0.1	0.2	0.15	0.4	0.1	3.5	100	0	9500000	双子巡洋:最强隐形+电子战
314	分魂	3	4	战列巡洋舰	攻击	5500	4000	3200	110	900	22	230	5	200	6	5	3	380	0	240	350	0.15	0.2	0.5	0.1	0.2	0.15	0.4	0.1	2.6	180	0	22000000	双子战巡:可分裂为两个50%子体
315	双令	3	4	战列巡洋舰	指挥	6000	4500	3500	120	850	21	210	6	220	5	5	4	420	0	230	370	0.15	0.2	0.5	0.1	0.2	0.15	0.4	0.1	2.4	200	0	25000000	双子战巡:双重指挥加成
316	交叉	3	4	战列巡洋舰	重火力	6500	3800	3000	130	1000	25	220	6	210	7	4	3	350	0	270	330	0.15	0.2	0.5	0.1	0.2	0.15	0.4	0.1	2.5	210	0	24000000	双子战巡:交叉火力+电子战
317	雅努斯	3	5	战列舰	主力	10000	7500	5500	200	1300	32	160	8	290	7	6	4	480	30	450	470	0.15	0.2	0.5	0.1	0.2	0.15	0.4	0.1	2	320	0	55000000	双子战列:双面模式切换(攻击/隐形)
318	远影	3	5	战列舰	狙击	8500	6000	4800	170	1200	30	140	9	270	8	5	4	400	0	500	500	0.15	0.2	0.5	0.1	0.2	0.15	0.4	0.1	1.8	350	0	50000000	双子战列:最远射程+隐形锁定
319	合体	3	5	战列舰	近战	11500	8500	6000	230	1400	35	180	7	310	6	6	5	520	40	430	440	0.15	0.2	0.5	0.1	0.2	0.15	0.4	0.1	2.2	300	0	58000000	双子战列:双子合体增强模式
320	镜界崩塌	3	6	无畏舰	攻城	26000	20000	13000	520	2100	52	90	11	580	6	6	4	750	0	1100	850	0.15	0.2	0.5	0.1	0.2	0.15	0.4	0.1	1.3	750	5	480000000	双子无畏:电子战无畏+信号干扰
321	千面之巢	3	6	航母	制空	30000	18000	11000	600	1900	47	75	12	660	5	6	4	1000	220	1000	750	0.15	0.2	0.5	0.1	0.2	0.15	0.4	0.1	1.1	850	5	550000000	双子航母:隐形舰载机
322	永恒双生	3	7	泰坦	旗舰	90000	70000	45000	1800	5200	130	50	18	1300	9	8	6	2000	100	3200	2500	0.15	0.2	0.5	0.1	0.2	0.15	0.4	0.1	0.85	1800	10	1800000000	双子泰坦:镜像分裂+全域电子战
416	阿尔忒弥斯	4	5	战列舰	主力	14000	8000	5500	280	1300	32	130	9	330	6	6	5	500	40	470	430	0.1	0.25	0.3	0.4	0.3	0.3	0.25	0.35	1.8	360	0	62000000	巨蟹战列:最强护盾+每级+5%护盾回充
417	银弦	4	5	战列舰	狙击	11000	6500	4800	220	1150	28	115	10	310	8	5	4	420	0	510	460	0.1	0.25	0.3	0.4	0.3	0.3	0.25	0.35	1.7	390	0	55000000	巨蟹战列:每级+10%武器射程
418	坚壁	4	5	战列舰	近战	15000	10000	7000	300	1400	35	150	8	360	5	6	6	550	50	440	420	0.1	0.25	0.3	0.4	0.3	0.3	0.25	0.35	2	330	0	68000000	巨蟹战列:最高护盾HP，每级+3%全抗
419	月神堡垒	4	6	无畏舰	攻城	40000	22000	14000	800	2200	55	75	12	650	5	6	5	900	0	1250	820	0.1	0.25	0.3	0.4	0.3	0.3	0.25	0.35	1.1	820	5	550000000	巨蟹无畏:防御模式+遥修无畏
420	潮汐摇篮	4	6	航母	制空	38000	18000	11000	760	1900	47	65	14	730	4	6	5	1200	250	1050	750	0.1	0.25	0.3	0.4	0.3	0.3	0.25	0.35	1	900	5	620000000	巨蟹航母:后勤航母+舰队遥修
421	永夜守望	4	7	泰坦	旗舰	120000	70000	48000	2400	5500	137	38	22	1550	8	8	7	2200	150	3500	2300	0.1	0.25	0.3	0.4	0.3	0.3	0.25	0.35	0.7	2100	10	2100000000	巨蟹泰坦:最高护盾+全舰队遥修末日
808	汲魂	8	3	巡洋舰	后勤	3800	3500	2200	76	700	17	210	6	155	3	4	4	380	25	158	275	0.12	0.22	0.28	0.42	0.28	0.28	0.22	0.38	2.8	130	0	11500000	天蝎巡洋:能量吸取式遥修
809	腐蚀	8	3	巡洋舰	采矿	3200	3000	2400	64	550	14	190	7	170	3	3	5	480	0	165	260	0.12	0.22	0.28	0.42	0.28	0.28	0.22	0.38	2.5	135	0	11000000	天蝎巡洋:酸蚀采矿+毒素加成
810	冥影	8	3	巡洋舰	隐形	2800	2200	1600	56	750	18	280	4	90	4	4	3	340	0	140	300	0.12	0.22	0.28	0.42	0.28	0.28	0.22	0.38	3.4	105	0	9500000	天蝎巡洋:最强隐形+暗杀首击×2
811	溶解	8	4	战列巡洋舰	攻击	5800	5000	3500	116	900	22	215	6	218	6	4	4	400	0	260	325	0.12	0.22	0.28	0.42	0.28	0.28	0.22	0.38	2.5	195	0	24000000	天蝎战巡:每级+5%持续伤害
812	暗令	8	4	战列巡洋舰	指挥	6200	5500	3800	124	830	20	200	7	240	5	5	4	440	0	245	350	0.12	0.22	0.28	0.42	0.28	0.28	0.22	0.38	2.3	210	0	27000000	天蝎战巡:暗中指挥+隐形增益
813	剧毒	8	4	战列巡洋舰	重火力	6800	4500	3200	136	1000	25	210	6	225	7	3	4	370	0	285	310	0.12	0.22	0.28	0.42	0.28	0.28	0.22	0.38	2.4	220	0	26000000	天蝎战巡:每级+8%毒素/辐射武器伤害
814	哈迪斯	8	5	战列舰	主力	11000	9000	6000	220	1250	31	140	9	310	7	5	5	500	35	475	425	0.12	0.22	0.28	0.42	0.28	0.28	0.22	0.38	1.9	345	0	58000000	天蝎战列:每级+5%武器伤害+能量吸取
815	暗箭	8	5	战列舰	狙击	9200	7200	5000	184	1150	28	120	10	295	8	4	5	420	0	510	455	0.12	0.22	0.28	0.42	0.28	0.28	0.22	0.38	1.7	375	0	53000000	天蝎战列:隐形狙击+首击×3
816	吞噬	8	5	战列舰	近战	13000	10500	7000	260	1380	34	155	8	340	6	5	6	540	45	455	405	0.12	0.22	0.28	0.42	0.28	0.28	0.22	0.38	2.1	325	0	64000000	天蝎战列:能量吸取战列
817	冥府裁判	8	6	无畏舰	攻城	28000	24000	14500	560	2100	52	80	12	620	6	5	5	850	0	1180	800	0.12	0.22	0.28	0.42	0.28	0.28	0.22	0.38	1.1	800	5	510000000	天蝎无畏:毒素攻城+能量吸取
818	万毒之巢	8	6	航母	制空	32000	20000	12000	640	1850	46	70	13	700	5	5	5	1100	200	1060	730	0.12	0.22	0.28	0.42	0.28	0.28	0.22	0.38	1	880	5	580000000	天蝎航母:毒素舰载机
819	永夜深渊	8	7	泰坦	旗舰	92000	78000	50000	1840	5100	127	40	21	1420	9	7	7	2100	120	3350	2150	0.12	0.22	0.28	0.42	0.28	0.28	0.22	0.38	0.75	2000	10	1950000000	天蝎泰坦:暗杀末日武器+全域能量吸取
912	猎伏	9	3	巡洋舰	隐形	3000	2300	1700	60	700	17	280	4	105	4	4	3	360	0	150	285	0.2	0.45	0.18	0.1	0.22	0.42	0.12	0.22	3.5	110	0	9800000	射手巡洋:远程隐形+每级+8%射程
913	穿日	9	4	战列巡洋舰	攻击	6200	4800	3400	124	900	22	225	5	215	7	4	3	390	0	255	330	0.2	0.45	0.18	0.1	0.22	0.42	0.12	0.22	2.6	190	0	23000000	射手战巡:每级+5%导弹伤害+射程
914	号令	9	4	战列巡洋舰	指挥	5800	5200	3700	116	820	20	210	6	235	5	5	4	430	20	240	345	0.2	0.45	0.18	0.1	0.22	0.42	0.12	0.22	2.4	205	0	26000000	射手战巡:远程指挥+游击加成
915	万箭	9	4	战列巡洋舰	重火力	7000	4200	3200	140	1000	25	220	6	220	8	3	3	360	0	290	300	0.2	0.45	0.18	0.1	0.22	0.42	0.12	0.22	2.5	215	0	25000000	射手战巡:8高槽导弹齐射
916	阿波罗	9	5	战列舰	主力	11500	8500	5800	230	1250	31	145	8	315	8	5	4	490	30	480	430	0.2	0.45	0.18	0.1	0.22	0.42	0.12	0.22	2	340	0	57000000	射手战列:最远射程+每级+5%导弹伤害
917	天弓	9	5	战列舰	狙击	9500	7000	5000	190	1150	28	125	9	290	8	4	4	420	0	520	470	0.2	0.45	0.18	0.1	0.22	0.42	0.12	0.22	1.8	370	0	52000000	射手战列:银河最远射程
918	践踏	9	5	战列舰	近战	13000	10000	6800	260	1350	33	165	7	345	6	5	6	540	45	455	400	0.2	0.45	0.18	0.1	0.22	0.42	0.12	0.22	2.2	320	0	63000000	射手战列:马蹄践踏+高速近战
919	猎神之怒	9	6	无畏舰	攻城	27000	22000	13500	540	2100	52	90	11	600	7	5	4	800	0	1150	810	0.2	0.45	0.18	0.1	0.22	0.42	0.12	0.22	1.3	770	6	490000000	射手无畏:远程攻城+高机动
920	游牧营地	9	6	航母	制空	32000	19000	11000	640	1850	46	75	12	680	5	5	5	1200	220	1050	720	0.2	0.45	0.18	0.1	0.22	0.42	0.12	0.22	1.1	860	6	560000000	射手航母:高机动航母+远程舰载机
921	银河射线	9	7	泰坦	旗舰	95000	75000	48000	1900	5200	130	48	19	1380	10	7	6	2100	100	3400	2200	0.2	0.45	0.18	0.1	0.22	0.42	0.12	0.22	0.85	1900	12	1900000000	射手泰坦:最远射程末日武器+跳跃桥
1019	永固要塞	10	6	航母	制空	35000	30000	18000	700	2000	50	55	15	780	5	5	6	1300	180	1200	700	0.22	0.28	0.18	0.18	0.52	0.3	0.18	0.42	0.8	1000	5	700000000	摩羯航母:堡垒航母+防御加成
1020	山岳之心	10	6	无畏舰	攻城	38000	35000	20000	760	2200	55	60	14	700	6	4	6	1000	0	1400	800	0.22	0.28	0.18	0.18	0.52	0.3	0.18	0.42	0.9	900	5	700000000	摩羯无畏:最厚防御无畏+建筑模式
1021	时间之墙	10	7	泰坦	旗舰	100000	120000	70000	2000	5000	125	30	25	1800	8	6	8	3000	100	4000	2000	0.22	0.28	0.18	0.18	0.52	0.3	0.18	0.42	0.6	2500	10	2800000000	摩羯泰坦:最高结构HP+防御末日武器
1110	涌泉	11	3	巡洋舰	后勤	4000	3200	2200	80	700	17	210	6	160	3	4	4	400	25	155	290	0.16	0.18	0.48	0.1	0.18	0.2	0.42	0.14	2.8	130	0	11500000	水瓶巡洋:实验型遥修+CPU加成
1111	萃取	11	3	巡洋舰	采矿	3300	2800	2100	66	580	14	195	7	172	3	3	5	520	0	168	270	0.16	0.18	0.48	0.1	0.18	0.2	0.42	0.14	2.5	135	0	11500000	水瓶巡洋:实验采矿+新法萃取
1112	相变	11	3	巡洋舰	隐形	2900	2100	1600	58	720	18	275	4	100	3	5	3	350	0	142	310	0.16	0.18	0.48	0.1	0.18	0.2	0.42	0.14	3.4	110	0	9800000	水瓶巡洋:相位隐形+实验武器
1113	颠覆	11	4	战列巡洋舰	攻击	6000	4500	3300	120	950	24	220	6	215	6	5	3	400	0	260	345	0.16	0.18	0.48	0.1	0.18	0.2	0.42	0.14	2.5	195	0	24000000	水瓶战巡:实验武器+每级+5%伤害
1114	先驱	11	4	战列巡洋舰	指挥	5800	5000	3600	116	850	21	205	7	235	5	5	4	430	0	245	360	0.16	0.18	0.48	0.1	0.18	0.2	0.42	0.14	2.3	210	0	26000000	水瓶战巡:先锋指挥+科研加速
1115	聚变	11	4	战列巡洋舰	重火力	7200	4000	3000	144	1050	26	215	6	225	7	4	3	370	0	290	320	0.16	0.18	0.48	0.1	0.18	0.2	0.42	0.14	2.4	220	0	25000000	水瓶战巡:实验性聚变武器
1116	乌拉诺斯	11	5	战列舰	主力	11000	8500	5800	220	1300	32	145	8	310	7	6	4	500	30	480	460	0.16	0.18	0.48	0.1	0.18	0.2	0.42	0.14	1.9	345	0	57000000	水瓶战列:实验武器+可装任何种族模块
1117	超限	11	5	战列舰	狙击	9200	6800	5000	184	1200	30	125	9	295	8	5	4	430	0	520	490	0.16	0.18	0.48	0.1	0.18	0.2	0.42	0.14	1.7	375	0	52000000	水瓶战列:超限射程+实验弹药
1118	突变	11	5	战列舰	近战	12500	9500	6500	250	1400	35	165	7	340	6	5	6	540	40	455	430	0.16	0.18	0.48	0.1	0.18	0.2	0.42	0.14	2.1	325	0	62000000	水瓶战列:异常突变+随机属性加成
1119	创世之火	11	6	无畏舰	攻城	27000	21000	13000	540	2150	53	85	11	610	6	5	5	850	0	1180	830	0.16	0.18	0.48	0.1	0.18	0.2	0.42	0.14	1.2	780	5	500000000	水瓶无畏:实验攻城武器
101	锐矛	1	1	Frigate	突击型	600	350	300	12	500	13	460	2	38	3	2	2	280	0	65	160	0.22	0.5	0.2	0.08	0.25	0.45	0.1	0.2	6	120	0	1050000	每级白羊座护卫舰操作+5%小型热能武器伤害和+5%舰船速度
102	怒目	1	1	Frigate	电子型	520	340	310	10	400	10	410	3	52	2	3	2	260	0	50	155	0.22	0.5	0.2	0.08	0.25	0.45	0.1	0.2	5.2	115	0	1100000	每级白羊座护卫舰操作+5%小型热能武器伤害和+10%电子战干扰强度
103	血誓	1	1	Frigate	后勤型	730	620	420	15	400	10	300	3	48	2	2	3	320	25	62	150	0.22	0.5	0.2	0.08	0.25	0.45	0.1	0.2	5	130	0	1200000	每级白羊座护卫舰操作+5%小型热能武器伤害和+10%远程装甲维修量
104	锻角	1	1	Frigate	工业型	880	870	480	18	400	10	265	4	55	2	2	3	760	0	70	170	0.22	0.5	0.2	0.08	0.25	0.45	0.1	0.2	4.2	140	0	1350000	每级白羊座护卫舰操作+5%舰船货仓容量和+5%速度
105	焚城	1	2	Destroyer	火力型	1500	1050	820	30	800	20	355	4	85	6	2	2	320	0	98	195	0.22	0.5	0.2	0.08	0.25	0.45	0.1	0.2	4.4	180	0	1800000	每级白羊座驱逐舰操作+5%中型热能武器伤害和+5%舰船速度
106	金毛	1	2	Destroyer	防御型	1750	1480	980	35	600	15	285	5	98	4	3	3	350	0	92	182	0.22	0.5	0.2	0.08	0.25	0.45	0.1	0.2	3.8	200	0	2000000	每级白羊座驱逐舰操作+5%中型热能武器伤害和+5%全抗性
107	破阵	1	2	Destroyer	拦截型	1350	920	720	27	700	18	395	3	68	5	2	3	300	0	95	188	0.22	0.5	0.2	0.08	0.25	0.45	0.1	0.2	4.6	170	0	1650000	每级白羊座驱逐舰操作+5%中型热能武器伤害和+10%舰船速度
108	战嚎	1	3	Cruiser	主战型	4200	3100	2100	84	700	18	265	5	155	5	4	4	420	0	185	305	0.22	0.5	0.2	0.08	0.25	0.45	0.1	0.2	3.2	250	0	9500000	每级白羊座巡洋舰操作+5%中型热能武器伤害和+5%舰船速度
109	血雾	1	3	Cruiser	电子战型	3600	2600	1850	72	500	13	235	6	175	3	5	3	390	0	155	320	0.22	0.5	0.2	0.08	0.25	0.45	0.1	0.2	3	260	0	9800000	每级白羊座巡洋舰操作+5%中型热能武器伤害和+10%电子战干扰强度
110	军医	1	3	Cruiser	后勤型	4700	4200	2550	94	500	13	210	6	168	3	4	4	450	30	172	285	0.22	0.5	0.2	0.08	0.25	0.45	0.1	0.2	2.8	270	0	10200000	每级白羊座巡洋舰操作+5%中型热能武器伤害和+10%远程装甲维修量
111	掘角	1	3	Cruiser	采矿型	3900	3600	2600	78	500	13	195	7	185	3	3	5	520	30	198	255	0.22	0.5	0.2	0.08	0.25	0.45	0.1	0.2	2.5	280	0	10500000	每级白羊座巡洋舰操作+5%采矿量加成和+5%舰船速度
112	伏羊	1	3	Cruiser	隐形型	3200	2300	1900	64	600	15	285	5	125	4	4	3	380	0	165	275	0.22	0.5	0.2	0.08	0.25	0.45	0.1	0.2	3.5	240	0	9000000	每级白羊座巡洋舰操作+5%中型热能武器伤害和-10%隐形装置CPU需求
201	铁蹄	2	1	护卫舰	突击型	500	850	400	10	500	13	280	4	45	3	2	2	150	0	60	150	0.2	0.2	0.2	0.2	0.5	0.25	0.15	0.25	4.5	150	0	1000000	每升一级金牛座护卫舰技能，舰船装甲值提高5%
202	炉眼	2	1	护卫舰	电子型	550	800	380	11	400	10	290	4	50	2	3	2	140	0	55	160	0.2	0.2	0.2	0.2	0.5	0.25	0.15	0.25	4.2	120	0	1000000	每升一级金牛座护卫舰技能，舰船装甲值提高5%
203	补给	2	1	护卫舰	后勤型	600	850	420	12	400	10	270	4	48	2	2	3	180	0	65	155	0.2	0.2	0.2	0.2	0.5	0.25	0.15	0.25	4	120	0	1000000	每升一级金牛座护卫舰技能，舰船装甲值提高5%
204	犁刃	2	1	护卫舰	工业型	700	900	500	14	400	10	250	4	55	2	2	2	800	0	70	170	0.2	0.2	0.2	0.2	0.5	0.25	0.15	0.25	4	120	0	1000000	每升一级金牛座护卫舰技能，舰船装甲值提高5%，采矿激光器采集量提高5%
205	铁锤	2	2	驱逐舰	火力型	1400	1400	900	28	800	20	280	4	85	6	2	2	300	0	95	180	0.2	0.2	0.2	0.2	0.5	0.25	0.15	0.25	3.8	240	0	2500000	每升一级金牛座驱逐舰技能，舰船装甲值提高5%
206	牛盾	2	2	驱逐舰	防御型	1600	1500	1000	32	600	15	260	5	90	4	4	3	320	0	90	190	0.2	0.2	0.2	0.2	0.5	0.25	0.15	0.25	3.5	180	0	2500000	每升一级金牛座驱逐舰技能，舰船装甲值提高5%
1120	范式革命	11	6	航母	制空	31000	19000	11500	620	1900	47	72	13	690	5	6	4	1100	200	1060	740	0.16	0.18	0.48	0.1	0.18	0.2	0.42	0.14	1	870	5	570000000	水瓶航母:实验舰载机+科技压制
207	铁栅	2	2	驱逐舰	拦截型	1200	1000	750	24	700	18	320	4	75	5	3	2	250	0	85	170	0.2	0.2	0.2	0.2	0.5	0.25	0.15	0.25	4.2	210	0	2500000	每升一级金牛座驱逐舰技能，舰船装甲值提高5%
208	弥诺	2	3	巡洋舰	主战型	3500	5000	2500	70	600	15	210	6	150	4	4	4	400	0	170	280	0.2	0.2	0.2	0.2	0.5	0.25	0.15	0.25	3	180	0	10000000	每升一级金牛座巡洋舰技能，舰船装甲值提高5%
209	迷宫	2	3	巡洋舰	电子战型	3000	4500	2200	60	500	13	220	5	160	3	5	3	380	0	160	300	0.2	0.2	0.2	0.2	0.5	0.25	0.15	0.25	2.8	150	0	10000000	每升一级金牛座巡洋舰技能，舰船装甲值提高5%
210	丰收	2	3	巡洋舰	后勤型	4000	4800	2600	80	500	13	200	6	170	3	4	4	420	0	180	290	0.2	0.2	0.2	0.2	0.5	0.25	0.15	0.25	2.7	150	0	10000000	每升一级金牛座巡洋舰技能，舰船装甲值提高5%
211	掘金	2	3	巡洋舰	采矿型	4500	5500	3000	90	500	13	180	7	190	3	3	3	500	0	150	250	0.2	0.2	0.2	0.2	0.5	0.25	0.15	0.25	2.5	150	0	10000000	每升一级金牛座巡洋舰技能，舰船装甲值提高5%，采矿激光器采集量提高5%
301	影刺	3	1	护卫舰	突击型	420	350	320	8	500	13	500	2	35	3	2	3	150	0	50	140	0.25	0.2	0.45	0.1	0.25	0.25	0.4	0.1	6	1	0	1200000	每级双子座护卫舰技能+5%小型炮台伤害，+10%舰船速度
302	迷瞳	3	1	护卫舰	电子型	400	300	300	8	400	10	480	2	30	2	3	2	120	0	40	160	0.25	0.2	0.45	0.1	0.25	0.25	0.4	0.1	6	1	0	1100000	每级双子座护卫舰技能+10%电子战模块效果，+10%感应抑阻强度
303	双翼	3	1	护卫舰	后勤型	450	320	310	9	400	10	460	2	35	2	3	2	150	0	45	150	0.25	0.2	0.45	0.1	0.25	0.25	0.4	0.1	5.5	1	0	1150000	每级双子座护卫舰技能+10%远程护盾回充量，-5%远程护盾回充电容消耗
304	拾遗	3	1	护卫舰	工业型	500	400	400	10	400	10	400	3	45	2	2	3	700	0	50	120	0.25	0.2	0.45	0.1	0.25	0.25	0.4	0.1	4.5	1	0	1400000	每级双子座护卫舰技能+5%舰船货仓容量，+5%舰船速度
305	镜裂	3	2	驱逐舰	火力型	1300	850	650	26	800	20	380	4	70	6	2	2	250	0	90	170	0.25	0.2	0.45	0.1	0.25	0.25	0.4	0.1	4.5	1	0	2500000	每级双子座驱逐舰技能+5%小型炮台伤害，+10%炮台射速
306	幻壁	3	2	驱逐舰	防御型	1600	1200	800	32	600	15	350	4	80	4	3	3	220	0	85	180	0.25	0.2	0.45	0.1	0.25	0.25	0.4	0.1	4	1	0	2600000	每级双子座驱逐舰技能+5%护盾抗性，+10%护盾回充速率
307	缠影	3	2	驱逐舰	拦截型	1400	900	700	28	600	15	400	3	65	4	3	3	240	0	80	190	0.25	0.2	0.45	0.1	0.25	0.25	0.4	0.1	4.5	1	0	2400000	每级双子座驱逐舰技能+10%拦截装置作用范围，-5%拦截装置电容消耗
308	卡斯托尔	3	3	巡洋舰	主战型	3000	2500	1800	60	600	15	200	4	120	4	3	4	280	0	160	260	0.25	0.2	0.45	0.1	0.25	0.25	0.4	0.1	3.5	1	0	10000000	每级双子座巡洋舰技能+5%中型炮台伤害，+10%炮台跟踪速度
309	波鲁克斯	3	3	巡洋舰	电子战型	2800	2200	1600	56	500	13	220	4	110	3	5	3	260	0	140	300	0.25	0.2	0.45	0.1	0.25	0.25	0.4	0.1	3.5	1	0	9800000	每级双子座巡洋舰技能+10%电子战模块强度，+10%感应抑阻最佳射程
310	共息	3	3	巡洋舰	后勤型	3200	2400	1700	64	500	13	190	5	130	3	4	4	280	0	150	280	0.25	0.2	0.45	0.1	0.25	0.25	0.4	0.1	3	1	0	10200000	每级双子座巡洋舰技能+10%远程护盾回充量，-5%远程护盾回充电容消耗
311	暗面	3	3	巡洋舰	采矿型	3500	2800	2000	70	600	15	180	6	150	4	3	4	500	100	170	240	0.25	0.2	0.45	0.1	0.25	0.25	0.4	0.1	2.5	1	0	11000000	每级双子座巡洋舰技能+5%采矿量，+5%舰船货仓容量
401	钳击	4	1	护卫舰	突击型	750	400	350	15	500	13	400	3	40	3	2	2	120	0	60	140	0.12	0.25	0.25	0.4	0.4	0.35	0.3	0.35	5	20	0	1000000	每级巨蟹座守护者技能提升5%护盾值和5%装甲维修器效率
402	月瞳	4	1	护卫舰	电子型	700	500	400	14	400	10	350	4	45	2	3	2	150	0	50	150	0.12	0.25	0.25	0.4	0.4	0.35	0.3	0.35	5	20	0	1000000	每级巨蟹座守护者技能提升5%护盾值和5%装甲维修器效率
403	暖壳	4	1	护卫舰	后勤型	800	450	400	16	400	10	320	4	50	2	3	2	180	0	55	130	0.12	0.25	0.25	0.4	0.4	0.35	0.3	0.35	5	20	0	1100000	每级巨蟹座守护者技能提升5%护盾值和5%装甲维修器效率
404	拾贝	4	1	护卫舰	工业型	600	600	500	12	400	10	250	4	55	2	2	3	800	0	70	100	0.12	0.25	0.25	0.4	0.4	0.35	0.3	0.35	5	20	0	1200000	每级巨蟹座守护者技能提升5%护盾值和5%装甲维修器效率
405	碎钳	4	2	驱逐舰	火力型	1500	1000	800	30	800	20	350	4	80	6	2	2	250	0	100	180	0.12	0.25	0.25	0.4	0.4	0.35	0.3	0.35	4	40	0	2000000	每级巨蟹座守护者技能提升5%护盾值和5%装甲维修器效率
406	甲壳	4	2	驱逐舰	防御型	1800	1500	1000	36	600	15	280	5	100	4	4	2	400	0	90	160	0.12	0.25	0.25	0.4	0.4	0.35	0.3	0.35	4	40	0	2200000	每级巨蟹座守护者技能提升5%护盾值和5%装甲维修器效率
407	潮锁	4	2	驱逐舰	拦截型	1300	900	700	26	700	18	400	3	70	5	3	2	200	0	85	170	0.12	0.25	0.25	0.4	0.4	0.35	0.3	0.35	4	40	0	1800000	每级巨蟹座守护者技能提升5%护盾值和5%装甲维修器效率
408	塞勒涅	4	3	巡洋舰	主战型	4000	3000	2500	80	700	18	240	5	150	5	4	4	400	0	180	280	0.12	0.25	0.25	0.4	0.4	0.35	0.3	0.35	3	100	0	10000000	每级巨蟹座守护者技能提升5%护盾值和5%装甲维修器效率
409	月蚀	4	3	巡洋舰	电子战型	3500	2500	2000	70	500	13	220	6	170	3	5	4	350	0	160	320	0.12	0.25	0.25	0.4	0.4	0.35	0.3	0.35	3	100	0	10000000	每级巨蟹座守护者技能提升5%护盾值和5%装甲维修器效率
410	母蟹	4	3	巡洋舰	后勤型	4500	4000	3000	90	500	13	200	6	180	3	5	5	450	0	150	300	0.12	0.25	0.25	0.4	0.4	0.35	0.3	0.35	3	100	0	11000000	每级巨蟹座守护者技能提升5%护盾值和5%装甲维修器效率
411	掘沙	4	3	巡洋舰	采矿型	3000	3500	2800	60	500	13	180	7	120	3	3	4	500	0	140	220	0.12	0.25	0.25	0.4	0.4	0.35	0.3	0.35	3	100	0	9000000	每级巨蟹座守护者技能提升5%护盾值和5%装甲维修器效率
412	潜渊	4	3	巡洋舰	隐形型	2500	2000	1500	50	500	13	300	4	100	3	4	4	250	0	130	250	0.12	0.25	0.25	0.4	0.4	0.35	0.3	0.35	3	100	0	8000000	每级巨蟹座守护者技能提升5%护盾值和5%装甲维修器效率
413	怒潮	4	4	战列巡洋舰	攻击型	6500	5000	4000	130	900	23	220	6	220	7	4	3	450	0	280	350	0.12	0.25	0.25	0.4	0.4	0.35	0.3	0.35	2.5	150	0	15000000	每级巨蟹座守护者技能提升5%护盾值和5%装甲维修器效率
414	潮令	4	4	战列巡洋舰	指挥型	8000	7000	5000	160	700	18	180	7	260	5	5	4	500	0	250	300	0.12	0.25	0.25	0.4	0.4	0.35	0.3	0.35	2.5	150	0	16000000	每级巨蟹座守护者技能提升5%护盾值和5%装甲维修器效率
415	碎壳	4	4	战列巡洋舰	重火力型	6000	6000	4500	120	900	23	200	6	250	7	3	5	400	0	300	380	0.12	0.25	0.25	0.4	0.4	0.35	0.3	0.35	2.5	150	0	15500000	每级巨蟹座守护者技能提升5%护盾值和5%装甲维修器效率
601	锐针	6	1	护卫舰	突击型	600	500	400	12	500	13	450	3	40	3	2	2	150	0	55	140	0.2	0.2	0.2	0.2	0.5	0.3	0.15	0.25	5	80	1	1300000	每提升一级处女座护卫舰操作技能，小型混合炮台伤害提升5%，目标锁定速度提升3%
602	析目	6	1	护卫舰	电子型	500	400	350	10	400	10	400	3	35	2	3	2	200	0	45	160	0.2	0.2	0.2	0.2	0.5	0.3	0.15	0.25	5.5	80	1	1200000	每提升一级处女座护卫舰操作技能，ECM强度提升8%，目标感应强度减少4%
603	织补	6	1	护卫舰	后勤型	700	600	450	14	400	10	350	4	50	2	2	3	400	10	50	150	0.2	0.2	0.2	0.2	0.5	0.3	0.15	0.25	4.5	80	1	1400000	每提升一级处女座护卫舰操作技能，远程护盾回充量提升10%，远程装甲维修量提升5%
604	采撷	6	1	护卫舰	工业型	800	700	500	16	400	10	300	4	55	2	2	2	700	0	40	120	0.2	0.2	0.2	0.2	0.5	0.3	0.15	0.25	4	80	1	1600000	每提升一级处女座护卫舰操作技能，货柜容量提升10%，制造时间缩短5%
605	裁断	6	2	驱逐舰	火力型	1500	1200	800	30	800	20	350	4	80	6	2	2	300	0	95	180	0.2	0.2	0.2	0.2	0.5	0.3	0.15	0.25	4.2	120	1	2800000	每提升一级处女座驱逐舰操作技能，小型混合炮台射速提升5%，伤害提升3%
606	秩序	6	2	驱逐舰	防御型	1700	1400	900	34	600	15	300	5	90	4	3	3	350	0	90	190	0.2	0.2	0.2	0.2	0.5	0.3	0.15	0.25	4	120	1	3200000	每提升一级处女座驱逐舰操作技能，护盾抗性提升3%，装甲维修量提升5%
607	缚丝	6	2	驱逐舰	拦截型	1400	1100	700	28	700	18	380	4	75	5	4	2	300	0	85	195	0.2	0.2	0.2	0.2	0.5	0.3	0.15	0.25	4.5	120	1	2500000	每提升一级处女座驱逐舰操作技能，拦截探针强度提升8%，目标感应强度减少5%
608	雅典娜	6	3	巡洋舰	主战型	4000	3500	2200	80	700	18	250	5	150	5	3	4	400	25	170	280	0.2	0.2	0.2	0.2	0.5	0.3	0.15	0.25	3	180	1	12000000	每提升一级处女座巡洋舰操作技能，中型混合炮台伤害提升5%，锁定范围提升10%
609	阿斯特瑞亚	6	3	巡洋舰	电子战型	3000	2800	1800	60	500	13	230	6	140	3	5	3	350	25	140	310	0.2	0.2	0.2	0.2	0.5	0.3	0.15	0.25	3.2	180	1	11000000	每提升一级处女座巡洋舰操作技能，ECM强度提升10%，目标感应强度减少5%
610	缝合	6	3	巡洋舰	后勤型	4500	4200	2500	90	500	13	200	6	170	3	4	4	450	25	160	290	0.2	0.2	0.2	0.2	0.5	0.3	0.15	0.25	2.8	180	1	13000000	每提升一级处女座巡洋舰操作技能，远程护盾回充量提升12%，能量传输效率提升8%
611	筛选	6	3	巡洋舰	采矿型	4800	5000	2800	96	500	13	180	7	180	3	3	5	500	50	150	260	0.2	0.2	0.2	0.2	0.5	0.3	0.15	0.25	2.5	180	1	14000000	每提升一级处女座巡洋舰操作技能，采矿量提升10%，精炼效率提升5%
612	无痕	6	3	巡洋舰	隐形型	3200	3000	2000	64	600	15	260	5	120	4	4	3	300	0	135	300	0.2	0.2	0.2	0.2	0.5	0.3	0.15	0.25	3.3	180	1	10000000	每提升一级处女座巡洋舰操作技能，隐形装置CPU需求降低10%，跃迁速度提升5%
613	审判	6	4	战列巡洋舰	攻击型	6500	6000	4000	130	900	23	210	6	220	7	3	4	450	25	260	330	0.2	0.2	0.2	0.2	0.5	0.3	0.15	0.25	2.6	220	1	22000000	每提升一级处女座战列巡洋舰操作技能，大型混合炮台伤害提升5%，护盾回充速率提升7%
614	蓝图	6	4	战列巡洋舰	指挥型	7000	6500	4500	140	700	18	180	7	250	5	5	4	500	50	240	350	0.2	0.2	0.2	0.2	0.5	0.3	0.15	0.25	2.4	220	1	25000000	每提升一级处女座战列巡洋舰操作技能，指挥脉冲效果提升8%，装甲抗性提升3%
615	解构	6	4	战列巡洋舰	重火力型	7500	7000	4800	150	900	23	190	7	260	7	4	3	400	25	280	320	0.2	0.2	0.2	0.2	0.5	0.3	0.15	0.25	2.5	220	1	24000000	每提升一级处女座战列巡洋舰操作技能，大型混合炮台射速提升5%，伤害提升3%
616	得墨忒尔	6	5	战列舰	主力型	12000	10000	6000	240	1000	25	150	8	320	8	5	5	600	75	500	420	0.2	0.2	0.2	0.2	0.5	0.3	0.15	0.25	2	280	1	80000000	每提升一级处女座战列舰操作技能，超大型混合炮台伤害提升5%，锁定速度提升10%
617	天衡	6	5	战列舰	狙击型	10000	9000	5500	200	900	23	130	9	350	7	6	5	550	50	450	450	0.2	0.2	0.2	0.2	0.5	0.3	0.15	0.25	1.8	280	1	75000000	每提升一级处女座战列舰操作技能，超大型混合炮台最佳射程提升10%，感应强度提升5%
618	收割	6	5	战列舰	近战型	13000	11000	7000	260	1000	25	170	8	300	8	4	6	500	75	550	400	0.2	0.2	0.2	0.2	0.5	0.3	0.15	0.25	2.2	280	1	70000000	每提升一级处女座战列舰操作技能，超大型混合炮台跟踪速度提升7%，微曲推进器速度加成提升5%
619	完美方程	6	6	无畏舰	无畏型	30000	25000	15000	600	1000	25	90	12	650	8	6	6	1000	100	1200	850	0.2	0.2	0.2	0.2	0.5	0.3	0.15	0.25	1.2	400	1	35000000	每提升一级处女座无畏舰操作技能，会战模块效果提升10%，堡垒装甲抗性提升5%
620	智慧神殿	6	6	航母	航母型	35000	28000	18000	700	700	18	80	14	750	5	6	6	1500	400	1400	900	0.2	0.2	0.2	0.2	0.5	0.3	0.15	0.25	1.1	450	1	45000000	每提升一级处女座航母操作技能，舰载机伤害提升5%，舰载机护盾提升10%
621	星辰秩序	6	7	泰坦	泰坦型	100000	80000	50000	2000	1200	30	50	20	1500	10	8	8	20000	0	3500	2000	0.2	0.2	0.2	0.2	0.5	0.3	0.15	0.25	0.8	600	1	180000000	每提升一级处女座泰坦操作技能，末日武器伤害提升15%，全抗性提升3%
801	毒针	8	1	护卫舰	突击型	600	450	400	12	500	13	470	3	38	3	2	2	150	20	60	150	0.12	0.25	0.2	0.4	0.35	0.35	0.35	0.35	5.5	20	0	1100000	每级天蝎座护卫舰技能增加5%火箭和轻型导弹伤害，每级天蝎座电子战技能增加10%停滞缠绕光束效果
802	蚀眼	8	1	护卫舰	电子型	500	400	350	10	400	10	440	4	35	2	3	2	120	10	50	160	0.12	0.25	0.2	0.4	0.35	0.35	0.35	0.35	5.2	18	0	1050000	每级天蝎座电子战技能增加10%能量吸取量和吸取距离
803	吸髓	8	1	护卫舰	后勤型	650	550	450	13	500	13	390	4	50	2	3	3	200	15	55	155	0.12	0.25	0.2	0.4	0.35	0.35	0.35	0.35	4.8	22	0	1150000	每级天蝎座后勤技能减少远程装甲维修器电容消耗10%，增加维修量7.5%
804	拆骨	8	1	护卫舰	工业型	800	650	500	16	350	9	320	5	55	2	2	3	600	10	65	120	0.12	0.25	0.2	0.4	0.35	0.35	0.35	0.35	4.5	25	0	1200000	每级天蝎座工业技能增加货仓容量5%和跃迁速度10%
805	蚀骨	8	2	驱逐舰	火力型	1600	1100	850	32	800	20	370	4	85	6	3	2	300	20	92	185	0.12	0.25	0.2	0.4	0.35	0.35	0.35	0.35	4	40	0	2200000	每级天蝎座驱逐舰技能增加5%轻型导弹和火箭伤害，每级天蝎座电子战技能增加7.5%鱼雷飞行速度
806	暗甲	8	2	驱逐舰	防御型	1700	1450	950	34	600	15	290	5	95	4	3	3	280	15	95	170	0.12	0.25	0.2	0.4	0.35	0.35	0.35	0.35	3.8	42	0	2300000	每级天蝎座驱逐舰技能增加4%全部装甲抗性，每级天蝎座防御技能减少远程维修器电容消耗5%
807	绝路	8	2	驱逐舰	拦截型	1500	950	750	30	700	18	410	3	75	5	4	2	250	15	85	195	0.12	0.25	0.2	0.4	0.35	0.35	0.35	0.35	4.2	38	0	2100000	每级天蝎座驱逐舰技能增加5%微型跃迁推进器速度加成，每级拦截技能减少拦截探针电容消耗10%
901	疾矢	9	1	护卫舰	突击型	450	300	300	9	500	13	500	2	30	3	2	2	150	0	70	150	0.3	0.45	0.2	0.1	0.35	0.45	0.12	0.25	5	10	0	1000000	每级射手座护卫舰操作：+5%小型投射炮伤害，+5%最大速度。
902	鹰眼	9	1	护卫舰	电子型	500	350	350	10	400	10	420	3	55	2	3	2	200	5	50	170	0.3	0.45	0.2	0.1	0.35	0.45	0.12	0.25	5	10	0	1000000	每级射手座护卫舰操作：+5%锁定距离，+5%感应强度。
903	驿马	9	1	护卫舰	后勤型	600	400	350	12	400	10	350	3	50	2	3	2	250	10	40	150	0.3	0.45	0.2	0.1	0.35	0.45	0.12	0.25	5	10	0	1000000	每级射手座护卫舰操作：+10%远程护盾回充量，+5%无人机维修量。
904	采风	9	1	护卫舰	工业型	900	900	500	18	400	10	300	4	55	2	2	3	700	10	50	130	0.3	0.45	0.2	0.1	0.35	0.45	0.12	0.25	5	10	0	1000000	每级射手座护卫舰操作：+5%货仓容量，+5%最大速度。
905	连射	9	2	驱逐舰	火力型	1300	900	700	26	800	20	380	3	65	6	2	2	300	0	100	180	0.3	0.45	0.2	0.1	0.35	0.45	0.12	0.25	4	15	0	2000000	每级射手座驱逐舰操作：+5%小型投射炮伤害，+5%射速。
906	奔逸	9	2	驱逐舰	防御型	1800	1500	900	36	600	15	280	4	90	4	4	2	350	0	85	200	0.3	0.45	0.2	0.1	0.35	0.45	0.12	0.25	4	15	0	2000000	每级射手座驱逐舰操作：+5%护盾抗性，+5%护盾回充量。
907	追风	9	2	驱逐舰	拦截型	1400	1000	800	28	700	18	400	3	70	5	3	2	300	5	90	180	0.3	0.45	0.2	0.1	0.35	0.45	0.12	0.25	4	15	0	2000000	每级射手座驱逐舰操作：+5%扰频/网作用范围，+5%最大速度。
908	喀戎	9	3	巡洋舰	主战型	3500	3000	2000	70	700	18	280	5	130	5	3	4	400	0	200	280	0.3	0.45	0.2	0.1	0.35	0.45	0.12	0.25	3	20	0	10000000	每级射手座巡洋舰操作：+5%中型投射炮伤害，+5%最大速度。
909	幻弦	9	3	巡洋舰	电子战型	3000	2500	1800	60	500	13	240	5	180	3	5	3	450	0	150	320	0.3	0.45	0.2	0.1	0.35	0.45	0.12	0.25	3	20	0	10000000	每级射手座巡洋舰操作：+5%目标标记效果，+5%干扰强度。
910	草药	9	3	巡洋舰	后勤型	4000	4000	2500	80	500	13	200	6	190	3	4	4	500	25	160	300	0.3	0.45	0.2	0.1	0.35	0.45	0.12	0.25	3	20	0	10000000	每级射手座巡洋舰操作：+10%远程护盾回充量，+5%护盾传输距离。
1001	石锤	10	1	护卫舰	突击型	500	400	500	10	500	13	250	4	30	3	2	2	150	0	50	110	0.2	0.2	0.2	0.2	0.5	0.3	0.15	0.3	4	80	1	1200000	每级【土象筑垒】技能+10%结构值
1002	测绘	10	1	护卫舰	电子型	450	350	480	9	400	10	250	4	35	2	3	2	120	0	45	130	0.2	0.2	0.2	0.2	0.5	0.3	0.15	0.3	4	80	1	1100000	每级【土象筑垒】技能+10%结构值
1003	基石	10	1	护卫舰	后勤型	600	500	450	12	400	10	260	4	40	2	2	3	200	0	60	150	0.2	0.2	0.2	0.2	0.5	0.3	0.15	0.3	4	80	1	1300000	每级【土象筑垒】技能+10%结构值
1004	凿岩	10	1	护卫舰	工业型	800	600	400	16	400	10	240	4	50	2	2	3	700	0	70	100	0.2	0.2	0.2	0.2	0.5	0.3	0.15	0.3	4	80	1	1500000	每级【土象筑垒】技能+10%结构值
1005	崩石	10	2	驱逐舰	火力型	1200	800	1000	24	800	20	250	5	60	6	2	2	250	0	90	180	0.2	0.2	0.2	0.2	0.5	0.3	0.15	0.3	3.5	120	1	2000000	每级【土象筑垒】技能+10%结构值
1006	壁垒	10	2	驱逐舰	防御型	1600	1400	900	32	600	15	260	5	80	4	3	3	300	0	100	170	0.2	0.2	0.2	0.2	0.5	0.3	0.15	0.3	3.5	120	1	2200000	每级【土象筑垒】技能+10%结构值
1007	落闸	10	2	驱逐舰	拦截型	1300	900	800	26	600	15	250	4	60	4	4	2	200	0	85	190	0.2	0.2	0.2	0.2	0.5	0.3	0.15	0.3	4.5	120	1	1800000	每级【土象筑垒】技能+10%结构值
1008	阿特拉斯	10	3	巡洋舰	主战型	3000	3000	2500	60	700	18	180	6	120	5	4	4	350	25	160	260	0.2	0.2	0.2	0.2	0.5	0.3	0.15	0.3	2.5	200	1.5	12000000	每级【土象筑垒】技能+10%结构值
1009	封印	10	3	巡洋舰	电子战型	2800	2500	2000	56	600	15	190	6	100	4	5	3	300	0	140	300	0.2	0.2	0.2	0.2	0.5	0.3	0.15	0.3	2.5	200	1.5	11000000	每级【土象筑垒】技能+10%结构值
1010	奠基	10	3	巡洋舰	后勤型	3500	4000	2800	70	600	15	175	6	150	4	5	5	400	0	150	280	0.2	0.2	0.2	0.2	0.5	0.3	0.15	0.3	2.5	200	1.5	13000000	每级【土象筑垒】技能+10%结构值
1011	掘进	10	3	巡洋舰	采矿型	3000	3500	2500	60	500	13	180	6	160	3	3	5	450	50	180	240	0.2	0.2	0.2	0.2	0.5	0.3	0.15	0.3	2.5	200	1.5	12500000	每级【土象筑垒】技能+10%结构值
1012	伏石	10	3	巡洋舰	隐形型	2500	2000	2200	50	500	13	190	6	110	3	5	3	300	0	130	320	0.2	0.2	0.2	0.2	0.5	0.3	0.15	0.3	2.5	200	1.5	11500000	每级【土象筑垒】技能+10%结构值
1013	山崩	10	4	战列巡洋舰	攻击型	6000	5000	4000	120	900	23	150	7	200	7	4	3	400	25	240	300	0.2	0.2	0.2	0.2	0.5	0.3	0.15	0.3	2	300	2	15000000	每级【土象筑垒】技能+10%结构值
1014	石令	10	4	战列巡洋舰	指挥型	5500	6000	4500	110	700	18	160	7	220	5	4	5	500	50	250	320	0.2	0.2	0.2	0.2	0.5	0.3	0.15	0.3	2	300	2	16000000	每级【土象筑垒】技能+10%结构值
1015	攻城	10	4	战列巡洋舰	重火力型	7000	7000	5000	140	900	23	140	7	250	7	3	4	350	0	280	290	0.2	0.2	0.2	0.2	0.5	0.3	0.15	0.3	2	300	2	17000000	每级【土象筑垒】技能+10%结构值
1016	克洛诺斯	10	5	战列舰	主力型	12000	10000	8000	240	1000	25	100	9	300	8	5	5	500	75	500	400	0.2	0.2	0.2	0.2	0.5	0.3	0.15	0.3	1.5	500	3	100000000	每级【土象筑垒】技能+10%结构值
1017	石弩	10	5	战列舰	狙击型	10000	9000	7000	200	900	23	110	9	280	7	6	4	400	25	450	450	0.2	0.2	0.2	0.2	0.5	0.3	0.15	0.3	1.5	500	3	90000000	每级【土象筑垒】技能+10%结构值
1018	铁壁	10	5	战列舰	近战型	14000	12000	8000	280	1000	25	100	10	350	8	4	6	450	25	550	380	0.2	0.2	0.2	0.2	0.5	0.3	0.15	0.3	1.5	500	3	110000000	每级【土象筑垒】技能+10%结构值
1101	电火	11	1	护卫舰	突击型	600	500	400	12	500	13	500	3	35	3	2	3	150	5	70	170	0.2	0.2	0.45	0.1	0.25	0.25	0.4	0.12	5.5	30	0	1500000	每级水瓶座护卫舰操作技能: +5%小型炮台伤害，+5%舰船CPU
1102	灵感	11	1	护卫舰	电子型	500	400	350	10	400	10	400	4	45	2	3	2	180	5	50	170	0.2	0.2	0.45	0.1	0.25	0.25	0.4	0.12	5	30	0	1600000	每级水瓶座护卫舰操作技能: +5%炮台伤害，+5%舰船CPU
1103	注能	11	1	护卫舰	后勤型	800	600	400	16	400	10	350	4	50	2	3	2	200	10	60	160	0.2	0.2	0.45	0.1	0.25	0.25	0.4	0.12	4.5	30	0	1700000	每级水瓶座护卫舰操作技能: +5%炮台伤害，+5%舰船CPU
1104	试作	11	1	护卫舰	工业型	900	900	500	18	400	10	250	4	55	2	2	3	800	0	70	170	0.2	0.2	0.45	0.1	0.25	0.25	0.4	0.12	4.5	30	0	1800000	每级水瓶座工业舰操作技能: +5%舰船货柜容量，+5%舰船CPU
1105	裂变	11	2	驱逐舰	火力型	1400	1000	800	28	800	20	350	4	80	6	3	2	300	5	100	200	0.2	0.2	0.45	0.1	0.25	0.25	0.4	0.12	4.2	50	0	2500000	每级水瓶座驱逐舰操作技能: +5%炮台伤害，+5%舰船CPU
1106	异构	11	2	驱逐舰	防御型	1800	1500	1000	36	700	18	280	5	100	5	2	3	350	10	90	190	0.2	0.2	0.45	0.1	0.25	0.25	0.4	0.12	3.8	50	0	2600000	每级水瓶座驱逐舰操作技能: +5%炮台伤害，+5%舰船CPU
1107	超频	11	2	驱逐舰	拦截型	1300	900	700	26	700	18	400	3	70	5	4	2	280	5	100	195	0.2	0.2	0.45	0.1	0.25	0.25	0.4	0.12	4.5	50	0	2400000	每级水瓶座驱逐舰操作技能: +5%炮台伤害，+5%舰船CPU
1108	普罗米修斯	11	3	巡洋舰	主战型	4000	3500	2500	80	700	18	250	5	160	5	4	4	450	20	190	310	0.2	0.2	0.45	0.1	0.25	0.25	0.4	0.12	3	100	0	12000000	每级水瓶座巡洋舰操作技能: +5%炮台伤害，+5%舰船CPU
1121	奇点突破	11	7	泰坦	旗舰	93000	72000	46000	1860	5300	132	45	19	1380	9	8	6	2200	120	3300	2400	0.16	0.18	0.48	0.1	0.18	0.2	0.42	0.14	0.8	1900	10	1900000000	水瓶泰坦:实验末日武器+物理法则干扰
122	血盾方舟	1	6	后勤航	舰队维修	28000	22000	12000	560	2500	62	65	13	680	3	7	5	800	50	900	750	0.22	0.5	0.2	0.08	0.25	0.45	0.1	0.2	1	900	5	580000000	白羊后勤航:每级+10%遥修量+5%遥修射程
123	焚天裁决	1	6	超级航母	制空	45000	35000	20000	900	2800	70	60	15	850	6	6	5	1200	400	1500	900	0.22	0.5	0.2	0.08	0.25	0.45	0.1	0.2	0.9	1200	7	800000000	白羊超航:每级+15%舰载机伤害
323	幻影方舟	3	6	后勤航	舰队维修	26000	18000	11000	520	2600	65	70	12	600	3	7	4	750	50	850	800	0.15	0.2	0.5	0.1	0.2	0.15	0.4	0.1	1.1	850	5	540000000	双子后勤航:隐形遥修+电子战辅助
324	千面审判	3	6	超级航母	制空	38000	28000	16000	760	2900	72	65	14	780	5	7	4	1000	350	1400	900	0.15	0.2	0.5	0.1	0.2	0.15	0.4	0.1	1	1100	7	750000000	双子超航:隐形舰载机+电子战压制
422	潮汐方舟	4	6	后勤航	舰队维修	35000	20000	12000	700	2500	62	60	13	690	3	7	5	850	60	920	760	0.1	0.25	0.3	0.4	0.3	0.3	0.25	0.35	0.95	920	5	600000000	巨蟹后勤航:最强遥修+护盾链接
423	月蚀裁决	4	6	超级航母	制空	48000	25000	15000	960	2800	70	55	15	850	5	7	5	1200	400	1500	880	0.1	0.25	0.3	0.4	0.3	0.3	0.25	0.35	0.9	1200	7	820000000	巨蟹超航:最高护盾超航+防御舰载机
522	王权方舟	5	6	后勤航	舰队维修	30000	25000	13000	600	2500	62	62	13	700	3	6	6	850	50	950	740	0.18	0.48	0.22	0.08	0.28	0.48	0.12	0.18	0.95	910	5	600000000	狮子后勤航:指挥遥修+全舰队增益
523	永恒审判	5	6	超级航母	制空	46000	38000	20000	920	2900	72	58	15	860	6	6	5	1300	420	1550	910	0.18	0.48	0.22	0.08	0.28	0.48	0.12	0.18	0.88	1250	7	830000000	狮子超航:旗舰指挥+超级舰载机
622	精工方舟	6	6	后勤航	舰队维修	27000	22000	12000	540	2600	65	60	13	680	3	6	5	800	40	880	780	0.2	0.25	0.2	0.15	0.48	0.32	0.22	0.38	0.95	900	5	580000000	处女后勤航:精确遥修+电子辅助
623	完美审判	6	6	超级航母	制空	42000	35000	18000	840	2800	70	55	15	830	5	6	6	1200	380	1500	900	0.2	0.25	0.2	0.15	0.48	0.32	0.22	0.38	0.88	1200	7	800000000	处女超航:精确制导舰载机+电子战
722	均衡方舟	7	6	后勤航	舰队维修	28000	24000	13000	560	2500	62	60	13	690	3	7	5	900	50	920	750	0.18	0.22	0.45	0.12	0.22	0.18	0.38	0.12	0.95	900	5	590000000	天秤后勤航:最均衡遥修+后勤链接
723	公正审判	7	6	超级航母	制空	43000	34000	18000	860	2850	71	56	15	840	5	6	5	1400	400	1500	890	0.18	0.22	0.45	0.12	0.22	0.18	0.38	0.12	0.88	1200	7	810000000	天秤超航:均衡超航+跳跃桥
820	暗影方舟	8	6	后勤航	舰队维修	26000	22000	12000	520	2600	65	68	12	660	3	6	5	780	40	880	770	0.12	0.22	0.28	0.42	0.28	0.28	0.22	0.38	1	880	5	560000000	天蝎后勤航:能量吸取遥修+隐蔽辅助
821	冥界审判	8	6	超级航母	制空	40000	32000	17000	800	2900	72	62	14	810	5	6	5	1100	380	1450	880	0.12	0.22	0.28	0.42	0.28	0.28	0.22	0.38	0.95	1150	7	770000000	天蝎超航:毒素舰载机+暗杀模式
922	游猎方舟	9	6	后勤航	舰队维修	27000	20000	11500	540	2500	62	72	12	650	3	6	5	800	40	880	760	0.2	0.45	0.18	0.1	0.22	0.42	0.12	0.22	1.05	870	5	550000000	射手后勤航:高机动遥修+远程辅助
923	星火审判	9	6	超级航母	制空	41000	30000	16000	820	2850	71	65	13	800	6	5	5	1100	400	1450	870	0.2	0.45	0.18	0.1	0.22	0.42	0.12	0.22	1	1150	7	760000000	射手超航:远程舰载机+高机动超航
1022	基石方舟	10	6	后勤航	舰队维修	30000	32000	16000	600	2400	60	50	15	720	3	5	7	900	40	1000	700	0.22	0.28	0.18	0.18	0.52	0.3	0.18	0.42	0.85	960	5	650000000	摩羯后勤航:堡垒遥修+建筑维修
1023	磐石审判	10	6	超级航母	制空	45000	42000	22000	900	2700	67	48	16	880	5	5	7	1400	360	1600	850	0.22	0.28	0.18	0.18	0.52	0.3	0.18	0.42	0.82	1300	7	880000000	摩羯超航:最厚超航+防御要塞
1122	革新方舟	11	6	后勤航	舰队维修	26000	20000	11500	520	2700	67	65	12	660	3	7	4	780	40	870	800	0.16	0.18	0.48	0.1	0.18	0.2	0.42	0.14	1	870	5	560000000	水瓶后勤航:实验遥修+科技辅助
1123	范式审判	11	6	超级航母	制空	40000	30000	16000	800	3000	75	62	14	810	6	6	4	1100	400	1450	900	0.16	0.18	0.48	0.1	0.18	0.2	0.42	0.14	0.95	1150	7	770000000	水瓶超航:实验舰载机+科技压制
1222	共生方舟	12	6	后勤航	舰队维修	28000	24000	14000	560	2500	62	62	13	680	3	6	6	820	50	920	750	0.12	0.3	0.25	0.38	0.32	0.35	0.28	0.32	0.95	900	5	580000000	双鱼后勤航:有机遥修+自修+适应
1223	深渊审判	12	6	超级航母	制空	42000	34000	18000	840	2850	71	58	14	840	5	6	5	1200	400	1500	880	0.12	0.3	0.25	0.38	0.32	0.35	0.28	0.32	0.9	1200	7	800000000	双鱼超航:有机舰载机+生物适应
\.


--
-- Data for Name: skill_defs; Type: TABLE DATA; Schema: public; Owner: sws
--

COPY public.skill_defs (id, name, category, description, rank, primary_attr, secondary_attr, prereq_skill_id, prereq_level) FROM stdin;
1	护卫舰驾驶	piloting	驾驶T1护卫舰的基础能力	1	perception	willpower	\N	0
10	小型能量武器	gunnery	操作小型激光/等离子武器	1	perception	memory	\N	0
11	小型混合武器	gunnery	操作小型磁轨/离子武器	1	perception	memory	\N	0
12	小型导弹	gunnery	操作小型导弹发射器	1	perception	memory	\N	0
15	武器精准	gunnery	提升所有武器命中率，每级+3%	2	perception	memory	\N	0
20	护盾管理	defense	每级提升5%护盾容量	2	intelligence	memory	\N	0
21	护盾操作	defense	每级提升5%护盾回充速度	2	intelligence	memory	\N	0
22	装甲强化	defense	每级提升5%装甲总量	2	intelligence	memory	\N	0
23	损伤控制	defense	每级提升3%全抗性	3	intelligence	memory	\N	0
30	采矿	industry	每级提升5%采矿产出	1	memory	intelligence	\N	0
31	精炼	industry	每级提升2%精炼效率	2	memory	intelligence	\N	0
32	制造	industry	每级减少3%制造时间	2	memory	intelligence	\N	0
33	蓝图研究	industry	每级减少5%研究时间	3	memory	intelligence	\N	0
40	加速控制	navigation	每级提升5%亚光速速度	1	intelligence	perception	\N	0
41	跃迁操作	navigation	每级减少5%跃迁对齐时间	2	intelligence	perception	\N	0
42	燃料节省	navigation	每级减少5%跃迁电容消耗	2	intelligence	perception	\N	0
50	多线操控	special	每级+1可同时操控角色数，底线效率+3%	5	charisma	willpower	\N	0
51	生物适配	special	每级解锁更多植入体槽位	4	intelligence	memory	\N	0
52	克隆网络	special	每级+1可部署的分支克隆数	4	intelligence	memory	\N	0
53	科研效率	research	每级提升5%对组织科研的贡献量	3	intelligence	memory	\N	0
54	交易学	trade	每级减少5%市场手续费	2	charisma	memory	\N	0
2	驱逐舰驾驶	piloting	驾驶T2驱逐舰	2	perception	willpower	1	3
3	巡洋舰驾驶	piloting	驾驶T3巡洋舰	4	perception	willpower	2	3
4	战列巡洋舰驾驶	piloting	驾驶T4战列巡洋舰	6	perception	willpower	3	3
5	战列舰驾驶	piloting	驾驶T5战列舰	8	perception	willpower	4	4
13	中型能量武器	gunnery	操作中型能量武器	3	perception	memory	10	3
14	中型混合武器	gunnery	操作中型磁轨武器	3	perception	memory	11	3
6	无畏舰驾驶	piloting	驾驶T6无畏舰	10	perception	willpower	5	4
7	航母驾驶	piloting	驾驶T6航母	10	perception	willpower	5	4
8	泰坦驾驶	piloting	驾驶T7泰坦级旗舰	14	perception	willpower	6	4
9	种族舰船适配	piloting	每级减少5%操控非本族舰船的效率惩罚	3	perception	charisma	3	3
60	后勤航驾驶	piloting	驾驶T6后勤航	10	perception	willpower	7	3
61	超级航母驾驶	piloting	驾驶T6超级航母	12	perception	willpower	7	4
62	世界舰操作	piloting	操作T8世界舰级设施	16	perception	willpower	8	5
63	飞船敏捷	piloting	每级减少5%对齐时间	2	perception	willpower	\N	0
16	大型能量武器	gunnery	操作大型激光/等离子武器	5	perception	memory	13	4
17	大型混合武器	gunnery	操作大型磁轨/离子武器	5	perception	memory	14	4
18	大型导弹	gunnery	操作大型导弹/鱼雷发射器	5	perception	memory	12	4
19	小型电磁武器	gunnery	操作小型电磁脉冲武器	1	perception	memory	\N	0
64	中型电磁武器	gunnery	操作中型电磁武器	3	perception	memory	19	3
65	大型电磁武器	gunnery	操作大型电磁武器	5	perception	memory	64	4
66	无人机操控	gunnery	每级+1可同时控制的无人机数	1	memory	perception	\N	0
67	无人机精通	gunnery	每级+10%无人机伤害	3	memory	perception	66	4
68	武器超载	gunnery	每级减少10%超载过热伤害	4	perception	willpower	15	3
69	弹道学	gunnery	每级+5%所有武器最佳射程	3	perception	intelligence	15	2
70	速射	gunnery	每级减少3%武器循环时间	3	perception	memory	15	2
71	奇异武器操作	gunnery	操作第7层+奇异/概率武器	8	perception	intelligence	16	5
72	终极武器操作	gunnery	操作泰坦末日武器	12	perception	willpower	71	4
24	护盾抗性强化	defense	每级+3%护盾全抗性	3	intelligence	memory	20	3
25	装甲抗性强化	defense	每级+3%装甲全抗性	3	intelligence	memory	22	3
26	结构工程学	defense	每级+5%结构HP	2	intelligence	memory	\N	0
27	维修系统	defense	每级+5%装甲维修量	2	intelligence	memory	22	2
28	遥修技术	defense	每级+5%遥修距离和效率	3	intelligence	memory	27	3
29	电容管理	defense	每级+5%电容总量	2	intelligence	memory	\N	0
73	电容回充	defense	每级+5%电容回充速度	2	intelligence	memory	29	2
74	概率偏转操作	defense	操作概率偏转护盾(T7+)	8	intelligence	willpower	24	5
75	因果屏障操作	defense	操作因果断裂屏障(T9+)	12	intelligence	willpower	74	4
34	高级精炼	industry	每级+3%稀有矿精炼效率	4	memory	intelligence	31	4
35	高级制造	industry	每级减少3%大型舰船制造时间	4	memory	intelligence	32	4
36	行星管理	industry	每级+1可管理的行星数	3	memory	intelligence	\N	0
37	气体采集	industry	操作气体采集器	2	memory	intelligence	30	2
38	冰矿开采	industry	操作冰矿采集器	2	memory	intelligence	30	2
39	现象级采集操作	industry	操作第4层现象级采集设备	8	memory	intelligence	34	4
76	拓扑编织操作	industry	操作第6层拓扑编织设备	10	memory	intelligence	39	4
77	超材料锻造操作	industry	操作第7层超材料锻造	12	memory	intelligence	76	4
78	打捞	industry	从残骸中回收材料和组件	1	memory	perception	\N	0
79	逆向工程	industry	从残骸中提取科技蓝图	4	memory	intelligence	78	3
80	发明	industry	将T1蓝图发明为T2版本	5	memory	intelligence	33	4
43	跳跃引擎操作	navigation	操作跳跃引擎(主力舰级)	6	intelligence	perception	42	4
44	跳跃引擎校准	navigation	每级+10%跳跃距离	5	intelligence	perception	43	3
45	微跃引擎	navigation	每级减少5%微跃充能时间	3	intelligence	perception	40	3
46	深空感知	navigation	每级+10%探针扫描强度	2	intelligence	perception	\N	0
47	星图学	navigation	每级+5%扫描精度和速度	3	intelligence	perception	46	2
81	虫洞导航	navigation	每级减少10%虫洞穿越风险	4	intelligence	perception	47	3
82	维度滑移	navigation	操作维度滑移引擎(T9+)	10	intelligence	perception	44	5
83	小队指挥	leadership	每级+2%小队(10人)属性加成	2	charisma	willpower	\N	0
84	舰队指挥	leadership	每级+2%舰队(100人)属性加成	4	charisma	willpower	83	4
85	大舰队指挥	leadership	每级+2%大舰队(1000人)属性加成	6	charisma	willpower	84	4
86	装甲指挥	leadership	舰队装甲HP+每级3%	3	charisma	willpower	83	2
87	护盾指挥	leadership	舰队护盾HP+每级3%	3	charisma	willpower	83	2
88	信息指挥	leadership	舰队传感器强度+每级3%	3	charisma	willpower	83	2
89	意识广播指挥	leadership	通过意识网络指挥(T9+)	10	charisma	intelligence	85	4
90	战争动员	leadership	每级减少5%舰队成员跃迁对齐时间	4	charisma	willpower	84	3
55	订单管理	trade	每级+5个同时挂单数	2	charisma	memory	54	2
56	合同谈判	trade	每级减少5%合同手续费	3	charisma	memory	54	3
57	走私学	trade	每级减少10%被巡逻检查概率	3	charisma	willpower	54	2
58	区域贸易	trade	每级+1可远程挂单的星系跳数	4	charisma	memory	55	3
59	期货交易	trade	每级减少5%期货保证金要求	5	charisma	intelligence	58	4
91	实验分析	research	每级+5%从失败研究中获取经验	2	intelligence	memory	53	2
92	高等理论	research	解锁第4-5层科技研发	6	intelligence	memory	53	4
93	拓扑物理学	research	解锁第6层科技研发	8	intelligence	memory	92	4
94	时空几何学	research	解锁第7层科技研发	10	intelligence	memory	93	4
95	因果律数学	research	解锁第8-9层科技研发	14	intelligence	memory	94	4
96	意识碎片整合	special	每级+5%与舰船AI的协调度	4	intelligence	willpower	51	3
97	种族亲和	special	每级减少10%学习其他种族科技的时间	3	charisma	perception	\N	0
98	高级自动化	special	解锁复杂if-then自动化规则	5	intelligence	memory	50	3
99	离线自动化	special	解锁离线后角色继续执行任务	6	intelligence	memory	98	4
\.


--
-- Name: building_defs_id_seq; Type: SEQUENCE SET; Schema: public; Owner: sws
--

SELECT pg_catalog.setval('public.building_defs_id_seq', 1, false);


--
-- Name: encounter_choices_id_seq; Type: SEQUENCE SET; Schema: public; Owner: sws
--

SELECT pg_catalog.setval('public.encounter_choices_id_seq', 10, true);


--
-- Name: encounter_defs_id_seq; Type: SEQUENCE SET; Schema: public; Owner: sws
--

SELECT pg_catalog.setval('public.encounter_defs_id_seq', 1, false);


--
-- Name: implant_defs_id_seq; Type: SEQUENCE SET; Schema: public; Owner: sws
--

SELECT pg_catalog.setval('public.implant_defs_id_seq', 1, false);


--
-- Name: item_defs_id_seq; Type: SEQUENCE SET; Schema: public; Owner: sws
--

SELECT pg_catalog.setval('public.item_defs_id_seq', 1, false);


--
-- Name: manufacture_materials_id_seq; Type: SEQUENCE SET; Schema: public; Owner: sws
--

SELECT pg_catalog.setval('public.manufacture_materials_id_seq', 15, true);


--
-- Name: manufacture_recipes_id_seq; Type: SEQUENCE SET; Schema: public; Owner: sws
--

SELECT pg_catalog.setval('public.manufacture_recipes_id_seq', 1, false);


--
-- Name: npc_defs_id_seq; Type: SEQUENCE SET; Schema: public; Owner: sws
--

SELECT pg_catalog.setval('public.npc_defs_id_seq', 1, false);


--
-- Name: npc_loot_table_id_seq; Type: SEQUENCE SET; Schema: public; Owner: sws
--

SELECT pg_catalog.setval('public.npc_loot_table_id_seq', 12, true);


--
-- Name: refine_recipes_id_seq; Type: SEQUENCE SET; Schema: public; Owner: sws
--

SELECT pg_catalog.setval('public.refine_recipes_id_seq', 14, true);


--
-- Name: ship_defs_id_seq; Type: SEQUENCE SET; Schema: public; Owner: sws
--

SELECT pg_catalog.setval('public.ship_defs_id_seq', 1, false);


--
-- Name: skill_defs_id_seq; Type: SEQUENCE SET; Schema: public; Owner: sws
--

SELECT pg_catalog.setval('public.skill_defs_id_seq', 1, false);


--
-- PostgreSQL database dump complete
--

\unrestrict 1ScvWyz5RpJ3umkHkvuGSX9NMR8yOTgo4cHS5NX3rv7Opw9ID4BblOEt77hdes5

