id,name,race_id,tier,ship_class,ship_role,shield_hp,armor_hp,structure_hp,shield_recharge,capacitor,cap_recharge,max_speed,align_ticks,signature,high_slots,mid_slots,low_slots,cargo_m3,drone_bay_m3,powergrid,cpu,shield_res_kinetic,shield_res_thermal,shield_res_em,shield_res_explosive,armor_res_kinetic,armor_res_thermal,armor_res_em,armor_res_explosive,warp_speed,warp_cap_cost,jump_range,mass,race_bonus
1,锐矛,1,1,护卫舰,突击,800,600,400,25,400,12,450,2,40,3,2,2,150,0,60,130,0.1,0.45,0.25,0.05,0.35,0.5,0.1,0.15,5,30,0,1200000,白羊座加成: 每级小型能量武器技能+5%伤害
2,怒目,1,1,护卫舰,电子,600,400,350,20,500,15,380,3,35,2,3,2,120,0,50,160,0.1,0.45,0.25,0.05,0.35,0.5,0.1,0.15,4.5,35,0,1400000,白羊座加成: 每级小型能量武器技能+5%伤害
3,焚城,1,2,驱逐舰,火力,1500,1200,800,30,600,15,350,4,80,5,3,2,300,0,95,190,0.1,0.45,0.25,0.05,0.35,0.5,0.1,0.15,4,60,0,3500000,"白羊座加成: 每级小型能量武器技能+5%伤害, 驱逐舰驾驶每级+10%最佳射程"
4,战嚎,1,3,巡洋舰,主战,4000,3000,2000,50,1200,25,250,6,150,4,4,3,450,0,160,260,0.1,0.45,0.25,0.05,0.35,0.5,0.1,0.15,3,120,0,12000000,"白羊座加成: 每级中型武器+5%伤害, 巡洋舰驾驶每级+7.5%最佳射程"
5,铁蹄,2,1,护卫舰,突击,700,800,500,20,350,10,380,3,45,3,2,3,200,0,55,120,0.2,0.25,0.2,0.15,0.5,0.35,0.25,0.4,4,35,0,1500000,"金牛座加成: 每级护卫舰驾驶+5%装甲HP, 每级采矿+5%产出"
6,犁刃,2,1,护卫舰,工业,500,700,400,15,300,10,250,5,55,2,2,2,600,0,45,100,0.2,0.25,0.2,0.15,0.5,0.35,0.25,0.4,3,50,0,2500000,"金牛座加成: 每级护卫舰驾驶+5%装甲HP, 每级采矿+5%产出"
7,弥诺,2,3,巡洋舰,主战,3500,5000,2800,40,1000,20,200,7,180,4,3,5,700,0,190,230,0.2,0.25,0.2,0.15,0.5,0.35,0.25,0.4,2.5,150,0,15000000,"金牛座加成: 每级巡洋舰驾驶+7.5%装甲HP, 每级装甲维修+5%效率"
8,影刺,3,1,护卫舰,突击,600,400,300,20,450,14,500,2,30,3,3,2,130,0,50,170,0.15,0.2,0.5,0.1,0.2,0.15,0.4,0.1,6,25,0,1000000,"双子座加成: 每级护卫舰驾驶-5%信号半径, 每级电子战+5%效果"
9,虚影,3,3,巡洋舰,隐形,3000,2000,1500,35,1400,30,300,4,100,3,5,3,350,0,130,320,0.15,0.2,0.5,0.1,0.2,0.15,0.4,0.1,4.5,100,0,11000000,"双子座加成: 每级巡洋舰驾驶-7.5%信号半径, 可装备隐形装置"
101,锐矛,1,1,Frigate,突击型,600,350,300,12,500,13,460,2,38,3,2,2,280,0,65,160,0.22,0.5,0.2,0.08,0.25,0.45,0.1,0.2,6,120,0,1050000,每级白羊座护卫舰操作+5%小型热能武器伤害和+5%舰船速度
102,怒目,1,1,Frigate,电子型,520,340,310,10,400,10,410,3,52,2,3,2,260,0,50,155,0.22,0.5,0.2,0.08,0.25,0.45,0.1,0.2,5.2,115,0,1100000,每级白羊座护卫舰操作+5%小型热能武器伤害和+10%电子战干扰强度
103,血誓,1,1,Frigate,后勤型,730,620,420,15,400,10,300,3,48,2,2,3,320,25,62,150,0.22,0.5,0.2,0.08,0.25,0.45,0.1,0.2,5,130,0,1200000,每级白羊座护卫舰操作+5%小型热能武器伤害和+10%远程装甲维修量
104,锻角,1,1,Frigate,工业型,880,870,480,18,400,10,265,4,55,2,2,3,760,0,70,170,0.22,0.5,0.2,0.08,0.25,0.45,0.1,0.2,4.2,140,0,1350000,每级白羊座护卫舰操作+5%舰船货仓容量和+5%速度
105,焚城,1,2,Destroyer,火力型,1500,1050,820,30,800,20,355,4,85,6,2,2,320,0,98,195,0.22,0.5,0.2,0.08,0.25,0.45,0.1,0.2,4.4,180,0,1800000,每级白羊座驱逐舰操作+5%中型热能武器伤害和+5%舰船速度
106,金毛,1,2,Destroyer,防御型,1750,1480,980,35,600,15,285,5,98,4,3,3,350,0,92,182,0.22,0.5,0.2,0.08,0.25,0.45,0.1,0.2,3.8,200,0,2000000,每级白羊座驱逐舰操作+5%中型热能武器伤害和+5%全抗性
107,破阵,1,2,Destroyer,拦截型,1350,920,720,27,700,18,395,3,68,5,2,3,300,0,95,188,0.22,0.5,0.2,0.08,0.25,0.45,0.1,0.2,4.6,170,0,1650000,每级白羊座驱逐舰操作+5%中型热能武器伤害和+10%舰船速度
108,战嚎,1,3,Cruiser,主战型,4200,3100,2100,84,700,18,265,5,155,5,4,4,420,0,185,305,0.22,0.5,0.2,0.08,0.25,0.45,0.1,0.2,3.2,250,0,9500000,每级白羊座巡洋舰操作+5%中型热能武器伤害和+5%舰船速度
109,血雾,1,3,Cruiser,电子战型,3600,2600,1850,72,500,13,235,6,175,3,5,3,390,0,155,320,0.22,0.5,0.2,0.08,0.25,0.45,0.1,0.2,3,260,0,9800000,每级白羊座巡洋舰操作+5%中型热能武器伤害和+10%电子战干扰强度
110,军医,1,3,Cruiser,后勤型,4700,4200,2550,94,500,13,210,6,168,3,4,4,450,30,172,285,0.22,0.5,0.2,0.08,0.25,0.45,0.1,0.2,2.8,270,0,10200000,每级白羊座巡洋舰操作+5%中型热能武器伤害和+10%远程装甲维修量
111,掘角,1,3,Cruiser,采矿型,3900,3600,2600,78,500,13,195,7,185,3,3,5,520,30,198,255,0.22,0.5,0.2,0.08,0.25,0.45,0.1,0.2,2.5,280,0,10500000,每级白羊座巡洋舰操作+5%采矿量加成和+5%舰船速度
112,伏羊,1,3,Cruiser,隐形型,3200,2300,1900,64,600,15,285,5,125,4,4,3,380,0,165,275,0.22,0.5,0.2,0.08,0.25,0.45,0.1,0.2,3.5,240,0,9000000,每级白羊座巡洋舰操作+5%中型热能武器伤害和-10%隐形装置CPU需求
113,裂阵,1,4,战列巡洋舰,攻击,6500,5000,3500,130,900,22,220,6,220,6,4,3,400,0,260,320,0.22,0.5,0.2,0.08,0.25,0.45,0.1,0.2,2.5,200,0,25000000,白羊战巡:每级+5%中型能量武器伤害
114,号角,1,4,战列巡洋舰,指挥,7000,5500,4000,140,800,20,200,7,250,5,5,4,450,25,240,350,0.22,0.5,0.2,0.08,0.25,0.45,0.1,0.2,2.3,220,0,28000000,白羊战巡:每级+5%舰队指挥加成范围
115,烈焰,1,4,战列巡洋舰,重火力,7500,4500,3800,150,1000,25,190,7,260,7,3,3,350,0,290,300,0.22,0.5,0.2,0.08,0.25,0.45,0.1,0.2,2.2,230,0,30000000,白羊战巡:每级+7%中型能量武器伤害
116,阿瑞斯,1,5,战列舰,主力,12000,9000,6000,240,1200,30,150,8,320,7,5,5,500,30,480,420,0.22,0.5,0.2,0.08,0.25,0.45,0.1,0.2,2,350,0,60000000,白羊战列:每级+5%大型能量武器伤害
117,刺穿,1,5,战列舰,狙击,10000,7000,5000,200,1100,27,130,9,300,8,4,4,400,0,520,450,0.22,0.5,0.2,0.08,0.25,0.45,0.1,0.2,1.8,380,0,55000000,白羊战列:每级+10%大型武器最佳射程
118,羝撞,1,5,战列舰,近战,14000,11000,7000,280,1300,32,170,7,350,6,5,6,550,40,450,400,0.22,0.5,0.2,0.08,0.25,0.45,0.1,0.2,2.2,320,0,65000000,白羊战列:每级+7%近距武器伤害
119,战神之怒,1,6,无畏舰,攻城,30000,25000,15000,600,2000,50,80,12,600,6,5,5,800,0,1200,800,0.22,0.5,0.2,0.08,0.25,0.45,0.1,0.2,1.2,800,5,500000000,白羊无畏:攻城模式+200%伤害
120,军团摇篮,1,6,航母,制空,35000,20000,12000,700,1800,45,70,13,700,5,5,4,1000,200,1000,700,0.22,0.5,0.2,0.08,0.25,0.45,0.1,0.2,1,900,5,600000000,白羊航母:每级+10%舰载机伤害
121,金毛天驱,1,7,泰坦,旗舰,100000,80000,50000,2000,5000,125,45,20,1500,9,7,7,2000,100,3500,2200,0.22,0.5,0.2,0.08,0.25,0.45,0.1,0.2,0.8,2000,10,2000000000,白羊泰坦:末日武器+跳跃桥
122,血盾方舟,1,6,后勤航,舰队维修,28000,22000,12000,560,2500,62,65,13,680,3,7,5,800,50,900,750,0.22,0.5,0.2,0.08,0.25,0.45,0.1,0.2,1,900,5,580000000,白羊后勤航:每级+10%遥修量+5%遥修射程
123,焚天裁决,1,6,超级航母,制空,45000,35000,20000,900,2800,70,60,15,850,6,6,5,1200,400,1500,900,0.22,0.5,0.2,0.08,0.25,0.45,0.1,0.2,0.9,1200,7,800000000,白羊超航:每级+15%舰载机伤害
201,铁蹄,2,1,护卫舰,突击型,500,850,400,10,500,13,280,4,45,3,2,2,150,0,60,150,0.2,0.2,0.2,0.2,0.5,0.25,0.15,0.25,4.5,150,0,1000000,每升一级金牛座护卫舰技能，舰船装甲值提高5%
202,炉眼,2,1,护卫舰,电子型,550,800,380,11,400,10,290,4,50,2,3,2,140,0,55,160,0.2,0.2,0.2,0.2,0.5,0.25,0.15,0.25,4.2,120,0,1000000,每升一级金牛座护卫舰技能，舰船装甲值提高5%
203,补给,2,1,护卫舰,后勤型,600,850,420,12,400,10,270,4,48,2,2,3,180,0,65,155,0.2,0.2,0.2,0.2,0.5,0.25,0.15,0.25,4,120,0,1000000,每升一级金牛座护卫舰技能，舰船装甲值提高5%
204,犁刃,2,1,护卫舰,工业型,700,900,500,14,400,10,250,4,55,2,2,2,800,0,70,170,0.2,0.2,0.2,0.2,0.5,0.25,0.15,0.25,4,120,0,1000000,每升一级金牛座护卫舰技能，舰船装甲值提高5%，采矿激光器采集量提高5%
205,铁锤,2,2,驱逐舰,火力型,1400,1400,900,28,800,20,280,4,85,6,2,2,300,0,95,180,0.2,0.2,0.2,0.2,0.5,0.25,0.15,0.25,3.8,240,0,2500000,每升一级金牛座驱逐舰技能，舰船装甲值提高5%
206,牛盾,2,2,驱逐舰,防御型,1600,1500,1000,32,600,15,260,5,90,4,4,3,320,0,90,190,0.2,0.2,0.2,0.2,0.5,0.25,0.15,0.25,3.5,180,0,2500000,每升一级金牛座驱逐舰技能，舰船装甲值提高5%
207,铁栅,2,2,驱逐舰,拦截型,1200,1000,750,24,700,18,320,4,75,5,3,2,250,0,85,170,0.2,0.2,0.2,0.2,0.5,0.25,0.15,0.25,4.2,210,0,2500000,每升一级金牛座驱逐舰技能，舰船装甲值提高5%
208,弥诺,2,3,巡洋舰,主战型,3500,5000,2500,70,600,15,210,6,150,4,4,4,400,0,170,280,0.2,0.2,0.2,0.2,0.5,0.25,0.15,0.25,3,180,0,10000000,每升一级金牛座巡洋舰技能，舰船装甲值提高5%
209,迷宫,2,3,巡洋舰,电子战型,3000,4500,2200,60,500,13,220,5,160,3,5,3,380,0,160,300,0.2,0.2,0.2,0.2,0.5,0.25,0.15,0.25,2.8,150,0,10000000,每升一级金牛座巡洋舰技能，舰船装甲值提高5%
210,丰收,2,3,巡洋舰,后勤型,4000,4800,2600,80,500,13,200,6,170,3,4,4,420,0,180,290,0.2,0.2,0.2,0.2,0.5,0.25,0.15,0.25,2.7,150,0,10000000,每升一级金牛座巡洋舰技能，舰船装甲值提高5%
211,掘金,2,3,巡洋舰,采矿型,4500,5500,3000,90,500,13,180,7,190,3,3,3,500,0,150,250,0.2,0.2,0.2,0.2,0.5,0.25,0.15,0.25,2.5,150,0,10000000,每升一级金牛座巡洋舰技能，舰船装甲值提高5%，采矿激光器采集量提高5%
212,掘金,2,3,巡洋舰,采矿,3200,4200,2800,64,550,14,170,8,185,3,3,5,650,0,180,240,0.2,0.25,0.2,0.15,0.5,0.35,0.25,0.4,2.3,140,0,13000000,金牛巡洋:每级+8%采矿产出
213,暗矿,2,3,巡洋舰,隐形,2800,3500,2000,56,650,16,250,5,120,3,4,4,380,0,150,280,0.2,0.25,0.2,0.15,0.5,0.35,0.25,0.4,3.2,110,0,10000000,金牛巡洋:可装隐形+采矿加成
214,怒牛,2,4,战列巡洋舰,攻击,6000,7500,4200,120,850,21,180,7,240,5,3,5,450,0,280,310,0.2,0.25,0.2,0.15,0.5,0.35,0.25,0.4,2.2,210,0,28000000,金牛战巡:每级+5%武器伤害+5%装甲HP
215,锻炉,2,4,战列巡洋舰,指挥,6500,8000,4500,130,800,20,170,8,260,5,4,5,500,30,265,340,0.2,0.25,0.2,0.15,0.5,0.35,0.25,0.4,2.1,225,0,30000000,金牛战巡:每级+8%舰队装甲加成
216,陨铁,2,4,战列巡洋舰,重火力,7000,6500,4000,140,950,24,175,8,270,7,3,4,400,0,300,295,0.2,0.25,0.2,0.15,0.5,0.35,0.25,0.4,2,235,0,32000000,金牛战巡:每级+7%武器伤害
217,赫菲斯托斯,2,5,战列舰,主力,10000,14000,7500,200,1200,30,120,10,350,6,4,6,600,40,500,400,0.2,0.25,0.2,0.15,0.5,0.35,0.25,0.4,1.7,380,0,70000000,金牛战列:每级+5%大型武器+7%装甲HP
218,投矛,2,5,战列舰,狙击,8500,11000,6000,170,1100,27,110,11,320,7,4,5,480,0,530,440,0.2,0.25,0.2,0.15,0.5,0.35,0.25,0.4,1.6,400,0,60000000,金牛战列:每级+10%武器射程
219,铁角,2,5,战列舰,近战,12000,15000,8000,240,1350,33,140,9,370,5,4,7,650,50,470,380,0.2,0.25,0.2,0.15,0.5,0.35,0.25,0.4,1.9,350,0,75000000,金牛战列:最厚装甲，每级+5%装甲维修
220,大地之锤,2,6,无畏舰,攻城,25000,35000,18000,500,2000,50,70,13,680,6,4,6,1000,0,1300,780,0.2,0.25,0.2,0.15,0.5,0.35,0.25,0.4,1,850,5,600000000,金牛无畏:攻城+工业双模式
221,母矿脉,2,6,航母,制空,30000,28000,14000,600,1800,45,65,14,720,5,5,5,1500,180,1100,700,0.2,0.25,0.2,0.15,0.5,0.35,0.25,0.4,0.9,920,5,650000000,金牛航母:工业航母，可在航母内制造
222,盖亚之心,2,7,泰坦,旗舰,85000,110000,60000,1700,5000,125,35,23,1700,8,6,8,3000,100,3800,2000,0.2,0.25,0.2,0.15,0.5,0.35,0.25,0.4,0.65,2200,10,2500000000,金牛泰坦:最厚装甲泰坦+工业末日武器
223,铸魂方舟,2,6,后勤航,舰队维修,25000,30000,15000,500,2400,60,55,14,700,3,6,6,900,50,950,720,0.2,0.25,0.2,0.15,0.5,0.35,0.25,0.4,0.9,950,5,620000000,金牛后勤航:每级+10%装甲维修量
224,钢铁母巢,2,6,超级航母,制空,40000,45000,22000,800,2700,67,50,16,880,5,5,7,1500,380,1600,850,0.2,0.25,0.2,0.15,0.5,0.35,0.25,0.4,0.85,1250,7,850000000,金牛超航:最厚装甲超航+工业功能
301,影刺,3,1,护卫舰,突击型,420,350,320,8,500,13,500,2,35,3,2,3,150,0,50,140,0.25,0.2,0.45,0.1,0.25,0.25,0.4,0.1,6,1,0,1200000,每级双子座护卫舰技能+5%小型炮台伤害，+10%舰船速度
302,迷瞳,3,1,护卫舰,电子型,400,300,300,8,400,10,480,2,30,2,3,2,120,0,40,160,0.25,0.2,0.45,0.1,0.25,0.25,0.4,0.1,6,1,0,1100000,每级双子座护卫舰技能+10%电子战模块效果，+10%感应抑阻强度
303,双翼,3,1,护卫舰,后勤型,450,320,310,9,400,10,460,2,35,2,3,2,150,0,45,150,0.25,0.2,0.45,0.1,0.25,0.25,0.4,0.1,5.5,1,0,1150000,每级双子座护卫舰技能+10%远程护盾回充量，-5%远程护盾回充电容消耗
304,拾遗,3,1,护卫舰,工业型,500,400,400,10,400,10,400,3,45,2,2,3,700,0,50,120,0.25,0.2,0.45,0.1,0.25,0.25,0.4,0.1,4.5,1,0,1400000,每级双子座护卫舰技能+5%舰船货仓容量，+5%舰船速度
305,镜裂,3,2,驱逐舰,火力型,1300,850,650,26,800,20,380,4,70,6,2,2,250,0,90,170,0.25,0.2,0.45,0.1,0.25,0.25,0.4,0.1,4.5,1,0,2500000,每级双子座驱逐舰技能+5%小型炮台伤害，+10%炮台射速
306,幻壁,3,2,驱逐舰,防御型,1600,1200,800,32,600,15,350,4,80,4,3,3,220,0,85,180,0.25,0.2,0.45,0.1,0.25,0.25,0.4,0.1,4,1,0,2600000,每级双子座驱逐舰技能+5%护盾抗性，+10%护盾回充速率
307,缠影,3,2,驱逐舰,拦截型,1400,900,700,28,600,15,400,3,65,4,3,3,240,0,80,190,0.25,0.2,0.45,0.1,0.25,0.25,0.4,0.1,4.5,1,0,2400000,每级双子座驱逐舰技能+10%拦截装置作用范围，-5%拦截装置电容消耗
308,卡斯托尔,3,3,巡洋舰,主战型,3000,2500,1800,60,600,15,200,4,120,4,3,4,280,0,160,260,0.25,0.2,0.45,0.1,0.25,0.25,0.4,0.1,3.5,1,0,10000000,每级双子座巡洋舰技能+5%中型炮台伤害，+10%炮台跟踪速度
309,波鲁克斯,3,3,巡洋舰,电子战型,2800,2200,1600,56,500,13,220,4,110,3,5,3,260,0,140,300,0.25,0.2,0.45,0.1,0.25,0.25,0.4,0.1,3.5,1,0,9800000,每级双子座巡洋舰技能+10%电子战模块强度，+10%感应抑阻最佳射程
310,共息,3,3,巡洋舰,后勤型,3200,2400,1700,64,500,13,190,5,130,3,4,4,280,0,150,280,0.25,0.2,0.45,0.1,0.25,0.25,0.4,0.1,3,1,0,10200000,每级双子座巡洋舰技能+10%远程护盾回充量，-5%远程护盾回充电容消耗
311,暗面,3,3,巡洋舰,采矿型,3500,2800,2000,70,600,15,180,6,150,4,3,4,500,100,170,240,0.25,0.2,0.45,0.1,0.25,0.25,0.4,0.1,2.5,1,0,11000000,每级双子座巡洋舰技能+5%采矿量，+5%舰船货仓容量
312,暗面,3,3,巡洋舰,采矿,2600,2000,1600,52,600,15,220,5,110,3,4,3,450,0,140,290,0.15,0.2,0.5,0.1,0.2,0.15,0.4,0.1,3,120,0,10000000,双子巡洋:隐形采矿，信号半径-30%
313,虚影,3,3,巡洋舰,隐形,2800,1800,1500,56,700,17,290,4,95,3,5,3,320,0,130,320,0.15,0.2,0.5,0.1,0.2,0.15,0.4,0.1,3.5,100,0,9500000,双子巡洋:最强隐形+电子战
314,分魂,3,4,战列巡洋舰,攻击,5500,4000,3200,110,900,22,230,5,200,6,5,3,380,0,240,350,0.15,0.2,0.5,0.1,0.2,0.15,0.4,0.1,2.6,180,0,22000000,双子战巡:可分裂为两个50%子体
315,双令,3,4,战列巡洋舰,指挥,6000,4500,3500,120,850,21,210,6,220,5,5,4,420,0,230,370,0.15,0.2,0.5,0.1,0.2,0.15,0.4,0.1,2.4,200,0,25000000,双子战巡:双重指挥加成
316,交叉,3,4,战列巡洋舰,重火力,6500,3800,3000,130,1000,25,220,6,210,7,4,3,350,0,270,330,0.15,0.2,0.5,0.1,0.2,0.15,0.4,0.1,2.5,210,0,24000000,双子战巡:交叉火力+电子战
317,雅努斯,3,5,战列舰,主力,10000,7500,5500,200,1300,32,160,8,290,7,6,4,480,30,450,470,0.15,0.2,0.5,0.1,0.2,0.15,0.4,0.1,2,320,0,55000000,双子战列:双面模式切换(攻击/隐形)
318,远影,3,5,战列舰,狙击,8500,6000,4800,170,1200,30,140,9,270,8,5,4,400,0,500,500,0.15,0.2,0.5,0.1,0.2,0.15,0.4,0.1,1.8,350,0,50000000,双子战列:最远射程+隐形锁定
319,合体,3,5,战列舰,近战,11500,8500,6000,230,1400,35,180,7,310,6,6,5,520,40,430,440,0.15,0.2,0.5,0.1,0.2,0.15,0.4,0.1,2.2,300,0,58000000,双子战列:双子合体增强模式
320,镜界崩塌,3,6,无畏舰,攻城,26000,20000,13000,520,2100,52,90,11,580,6,6,4,750,0,1100,850,0.15,0.2,0.5,0.1,0.2,0.15,0.4,0.1,1.3,750,5,480000000,双子无畏:电子战无畏+信号干扰
321,千面之巢,3,6,航母,制空,30000,18000,11000,600,1900,47,75,12,660,5,6,4,1000,220,1000,750,0.15,0.2,0.5,0.1,0.2,0.15,0.4,0.1,1.1,850,5,550000000,双子航母:隐形舰载机
322,永恒双生,3,7,泰坦,旗舰,90000,70000,45000,1800,5200,130,50,18,1300,9,8,6,2000,100,3200,2500,0.15,0.2,0.5,0.1,0.2,0.15,0.4,0.1,0.85,1800,10,1800000000,双子泰坦:镜像分裂+全域电子战
323,幻影方舟,3,6,后勤航,舰队维修,26000,18000,11000,520,2600,65,70,12,600,3,7,4,750,50,850,800,0.15,0.2,0.5,0.1,0.2,0.15,0.4,0.1,1.1,850,5,540000000,双子后勤航:隐形遥修+电子战辅助
324,千面审判,3,6,超级航母,制空,38000,28000,16000,760,2900,72,65,14,780,5,7,4,1000,350,1400,900,0.15,0.2,0.5,0.1,0.2,0.15,0.4,0.1,1,1100,7,750000000,双子超航:隐形舰载机+电子战压制
401,钳击,4,1,护卫舰,突击型,750,400,350,15,500,13,400,3,40,3,2,2,120,0,60,140,0.12,0.25,0.25,0.4,0.4,0.35,0.3,0.35,5,20,0,1000000,每级巨蟹座守护者技能提升5%护盾值和5%装甲维修器效率
402,月瞳,4,1,护卫舰,电子型,700,500,400,14,400,10,350,4,45,2,3,2,150,0,50,150,0.12,0.25,0.25,0.4,0.4,0.35,0.3,0.35,5,20,0,1000000,每级巨蟹座守护者技能提升5%护盾值和5%装甲维修器效率
403,暖壳,4,1,护卫舰,后勤型,800,450,400,16,400,10,320,4,50,2,3,2,180,0,55,130,0.12,0.25,0.25,0.4,0.4,0.35,0.3,0.35,5,20,0,1100000,每级巨蟹座守护者技能提升5%护盾值和5%装甲维修器效率
404,拾贝,4,1,护卫舰,工业型,600,600,500,12,400,10,250,4,55,2,2,3,800,0,70,100,0.12,0.25,0.25,0.4,0.4,0.35,0.3,0.35,5,20,0,1200000,每级巨蟹座守护者技能提升5%护盾值和5%装甲维修器效率
405,碎钳,4,2,驱逐舰,火力型,1500,1000,800,30,800,20,350,4,80,6,2,2,250,0,100,180,0.12,0.25,0.25,0.4,0.4,0.35,0.3,0.35,4,40,0,2000000,每级巨蟹座守护者技能提升5%护盾值和5%装甲维修器效率
406,甲壳,4,2,驱逐舰,防御型,1800,1500,1000,36,600,15,280,5,100,4,4,2,400,0,90,160,0.12,0.25,0.25,0.4,0.4,0.35,0.3,0.35,4,40,0,2200000,每级巨蟹座守护者技能提升5%护盾值和5%装甲维修器效率
407,潮锁,4,2,驱逐舰,拦截型,1300,900,700,26,700,18,400,3,70,5,3,2,200,0,85,170,0.12,0.25,0.25,0.4,0.4,0.35,0.3,0.35,4,40,0,1800000,每级巨蟹座守护者技能提升5%护盾值和5%装甲维修器效率
408,塞勒涅,4,3,巡洋舰,主战型,4000,3000,2500,80,700,18,240,5,150,5,4,4,400,0,180,280,0.12,0.25,0.25,0.4,0.4,0.35,0.3,0.35,3,100,0,10000000,每级巨蟹座守护者技能提升5%护盾值和5%装甲维修器效率
409,月蚀,4,3,巡洋舰,电子战型,3500,2500,2000,70,500,13,220,6,170,3,5,4,350,0,160,320,0.12,0.25,0.25,0.4,0.4,0.35,0.3,0.35,3,100,0,10000000,每级巨蟹座守护者技能提升5%护盾值和5%装甲维修器效率
410,母蟹,4,3,巡洋舰,后勤型,4500,4000,3000,90,500,13,200,6,180,3,5,5,450,0,150,300,0.12,0.25,0.25,0.4,0.4,0.35,0.3,0.35,3,100,0,11000000,每级巨蟹座守护者技能提升5%护盾值和5%装甲维修器效率
411,掘沙,4,3,巡洋舰,采矿型,3000,3500,2800,60,500,13,180,7,120,3,3,4,500,0,140,220,0.12,0.25,0.25,0.4,0.4,0.35,0.3,0.35,3,100,0,9000000,每级巨蟹座守护者技能提升5%护盾值和5%装甲维修器效率
412,潜渊,4,3,巡洋舰,隐形型,2500,2000,1500,50,500,13,300,4,100,3,4,4,250,0,130,250,0.12,0.25,0.25,0.4,0.4,0.35,0.3,0.35,3,100,0,8000000,每级巨蟹座守护者技能提升5%护盾值和5%装甲维修器效率
413,怒潮,4,4,战列巡洋舰,攻击型,6500,5000,4000,130,900,23,220,6,220,7,4,3,450,0,280,350,0.12,0.25,0.25,0.4,0.4,0.35,0.3,0.35,2.5,150,0,15000000,每级巨蟹座守护者技能提升5%护盾值和5%装甲维修器效率
414,潮令,4,4,战列巡洋舰,指挥型,8000,7000,5000,160,700,18,180,7,260,5,5,4,500,0,250,300,0.12,0.25,0.25,0.4,0.4,0.35,0.3,0.35,2.5,150,0,16000000,每级巨蟹座守护者技能提升5%护盾值和5%装甲维修器效率
415,碎壳,4,4,战列巡洋舰,重火力型,6000,6000,4500,120,900,23,200,6,250,7,3,5,400,0,300,380,0.12,0.25,0.25,0.4,0.4,0.35,0.3,0.35,2.5,150,0,15500000,每级巨蟹座守护者技能提升5%护盾值和5%装甲维修器效率
416,阿尔忒弥斯,4,5,战列舰,主力,14000,8000,5500,280,1300,32,130,9,330,6,6,5,500,40,470,430,0.1,0.25,0.3,0.4,0.3,0.3,0.25,0.35,1.8,360,0,62000000,巨蟹战列:最强护盾+每级+5%护盾回充
417,银弦,4,5,战列舰,狙击,11000,6500,4800,220,1150,28,115,10,310,8,5,4,420,0,510,460,0.1,0.25,0.3,0.4,0.3,0.3,0.25,0.35,1.7,390,0,55000000,巨蟹战列:每级+10%武器射程
418,坚壁,4,5,战列舰,近战,15000,10000,7000,300,1400,35,150,8,360,5,6,6,550,50,440,420,0.1,0.25,0.3,0.4,0.3,0.3,0.25,0.35,2,330,0,68000000,巨蟹战列:最高护盾HP，每级+3%全抗
419,月神堡垒,4,6,无畏舰,攻城,40000,22000,14000,800,2200,55,75,12,650,5,6,5,900,0,1250,820,0.1,0.25,0.3,0.4,0.3,0.3,0.25,0.35,1.1,820,5,550000000,巨蟹无畏:防御模式+遥修无畏
420,潮汐摇篮,4,6,航母,制空,38000,18000,11000,760,1900,47,65,14,730,4,6,5,1200,250,1050,750,0.1,0.25,0.3,0.4,0.3,0.3,0.25,0.35,1,900,5,620000000,巨蟹航母:后勤航母+舰队遥修
421,永夜守望,4,7,泰坦,旗舰,120000,70000,48000,2400,5500,137,38,22,1550,8,8,7,2200,150,3500,2300,0.1,0.25,0.3,0.4,0.3,0.3,0.25,0.35,0.7,2100,10,2100000000,巨蟹泰坦:最高护盾+全舰队遥修末日
422,潮汐方舟,4,6,后勤航,舰队维修,35000,20000,12000,700,2500,62,60,13,690,3,7,5,850,60,920,760,0.1,0.25,0.3,0.4,0.3,0.3,0.25,0.35,0.95,920,5,600000000,巨蟹后勤航:最强遥修+护盾链接
423,月蚀裁决,4,6,超级航母,制空,48000,25000,15000,960,2800,70,55,15,850,5,7,5,1200,400,1500,880,0.1,0.25,0.3,0.4,0.3,0.3,0.25,0.35,0.9,1200,7,820000000,巨蟹超航:最高护盾超航+防御舰载机
501,利爪,5,1,护卫舰,突击,700,500,400,14,450,11,420,3,42,3,2,2,180,0,58,135,0.18,0.48,0.22,0.08,0.28,0.48,0.12,0.18,5.5,35,0,1200000,狮子护卫:每级+5%武器伤害
502,威视,5,1,护卫舰,电子,550,450,350,11,500,12,380,3,40,2,3,2,150,0,48,155,0.18,0.48,0.22,0.08,0.28,0.48,0.12,0.18,5,40,0,1300000,狮子护卫:每级+5%传感器强度
503,侍从,5,1,护卫舰,后勤,650,600,400,13,400,10,350,3,45,2,2,3,170,20,55,140,0.18,0.48,0.22,0.08,0.28,0.48,0.12,0.18,4.8,38,0,1250000,狮子护卫:每级+5%遥修量
504,贡品,5,1,护卫舰,工业,800,700,500,16,350,9,280,4,55,2,2,2,650,0,50,120,0.18,0.48,0.22,0.08,0.28,0.48,0.12,0.18,4,45,0,1500000,狮子护卫:每级+5%货仓
505,裂吼,5,2,驱逐舰,火力,1600,1200,800,32,700,17,340,4,80,6,3,2,280,0,95,185,0.18,0.48,0.22,0.08,0.28,0.48,0.12,0.18,4.2,60,0,3000000,狮子驱逐:每级+5%武器伤害
506,鬃盾,5,2,驱逐舰,防御,1800,1500,1000,36,600,15,290,5,95,4,3,3,300,0,90,175,0.18,0.48,0.22,0.08,0.28,0.48,0.12,0.18,3.8,65,0,3200000,狮子驱逐:每级+5%全抗性
507,围猎,5,2,驱逐舰,拦截,1400,1000,700,28,650,16,380,3,70,5,3,2,260,0,92,190,0.18,0.48,0.22,0.08,0.28,0.48,0.12,0.18,4.5,55,0,2800000,狮子驱逐:每级+8%跃迁干扰强度
508,涅墨亚,5,3,巡洋舰,主战,4200,3500,2200,84,800,20,240,6,160,5,4,4,420,25,170,270,0.18,0.48,0.22,0.08,0.28,0.48,0.12,0.18,3,120,0,12000000,狮子巡洋:每级+5%中型武器伤害
509,耀辉,5,3,巡洋舰,电子战,3500,2800,1800,70,700,17,220,6,170,3,5,3,380,0,145,300,0.18,0.48,0.22,0.08,0.28,0.48,0.12,0.18,2.8,130,0,11000000,狮子巡洋:每级+10%传感器强度
510,王恩,5,3,巡洋舰,后勤,4500,4000,2500,90,600,15,200,7,165,3,4,4,400,30,160,280,0.18,0.48,0.22,0.08,0.28,0.48,0.12,0.18,2.7,140,0,13000000,狮子巡洋:每级+8%遥修量
511,王领,5,3,巡洋舰,采矿,3800,3200,2400,76,600,15,190,7,175,3,3,5,550,0,175,260,0.18,0.48,0.22,0.08,0.28,0.48,0.12,0.18,2.5,145,0,12500000,狮子巡洋:每级+5%采矿产出
512,伏狮,5,3,巡洋舰,隐形,3300,2400,1700,66,750,18,270,5,120,4,4,3,350,0,150,290,0.18,0.48,0.22,0.08,0.28,0.48,0.12,0.18,3.3,115,0,10000000,狮子巡洋:可装隐形装置
513,征服,5,4,战列巡洋舰,攻击,6800,5500,3800,136,900,22,210,6,230,6,4,4,420,25,270,330,0.18,0.48,0.22,0.08,0.28,0.48,0.12,0.18,2.4,200,0,26000000,狮子战巡:每级+5%大型武器伤害
514,王座,5,4,战列巡洋舰,指挥,7500,6000,4200,150,850,21,195,7,260,5,5,4,480,30,250,360,0.18,0.48,0.22,0.08,0.28,0.48,0.12,0.18,2.2,220,0,30000000,狮子战巡:每级+10%舰队指挥范围
515,日炎,5,4,战列巡洋舰,重火力,7800,5000,4000,156,1000,25,185,8,270,7,3,4,380,0,300,310,0.18,0.48,0.22,0.08,0.28,0.48,0.12,0.18,2.1,235,0,32000000,狮子战巡:每级+8%大型武器伤害
516,赫利俄斯,5,5,战列舰,主力,13000,10000,6500,260,1300,32,140,9,330,7,5,5,520,40,500,430,0.18,0.48,0.22,0.08,0.28,0.48,0.12,0.18,1.9,360,0,65000000,狮子战列:每级+5%大型武器伤害
517,神罚,5,5,战列舰,狙击,10500,8000,5500,210,1200,30,120,10,310,8,4,5,420,0,540,470,0.18,0.48,0.22,0.08,0.28,0.48,0.12,0.18,1.7,400,0,58000000,狮子战列:每级+10%武器射程
518,狮王,5,5,战列舰,近战,14000,12000,7500,280,1400,35,160,8,360,6,5,6,580,50,470,410,0.18,0.48,0.22,0.08,0.28,0.48,0.12,0.18,2.1,340,0,70000000,狮子战列:每级+7%近距伤害
519,日冕之怒,5,6,无畏舰,攻城,32000,28000,16000,640,2200,55,85,12,650,7,5,5,900,0,1300,850,0.18,0.48,0.22,0.08,0.28,0.48,0.12,0.18,1.2,850,5,550000000,狮子无畏:攻城+指挥双模式
520,王庭,5,6,航母,制空,38000,22000,13000,760,2000,50,65,14,750,5,6,5,1200,250,1100,750,0.18,0.48,0.22,0.08,0.28,0.48,0.12,0.18,1,950,5,650000000,狮子航母:每级+12%舰载机伤害
521,永恒王权,5,7,泰坦,旗舰,110000,90000,55000,2200,5500,137,40,22,1600,10,7,7,2500,150,3800,2400,0.18,0.48,0.22,0.08,0.28,0.48,0.12,0.18,0.7,2200,10,2200000000,狮子泰坦:末日武器+全舰队指挥
522,王权方舟,5,6,后勤航,舰队维修,30000,25000,13000,600,2500,62,62,13,700,3,6,6,850,50,950,740,0.18,0.48,0.22,0.08,0.28,0.48,0.12,0.18,0.95,910,5,600000000,狮子后勤航:指挥遥修+全舰队增益
523,永恒审判,5,6,超级航母,制空,46000,38000,20000,920,2900,72,58,15,860,6,6,5,1300,420,1550,910,0.18,0.48,0.22,0.08,0.28,0.48,0.12,0.18,0.88,1250,7,830000000,狮子超航:旗舰指挥+超级舰载机
601,锐针,6,1,护卫舰,突击型,600,500,400,12,500,13,450,3,40,3,2,2,150,0,55,140,0.2,0.2,0.2,0.2,0.5,0.3,0.15,0.25,5,80,1,1300000,每提升一级处女座护卫舰操作技能，小型混合炮台伤害提升5%，目标锁定速度提升3%
602,析目,6,1,护卫舰,电子型,500,400,350,10,400,10,400,3,35,2,3,2,200,0,45,160,0.2,0.2,0.2,0.2,0.5,0.3,0.15,0.25,5.5,80,1,1200000,每提升一级处女座护卫舰操作技能，ECM强度提升8%，目标感应强度减少4%
603,织补,6,1,护卫舰,后勤型,700,600,450,14,400,10,350,4,50,2,2,3,400,10,50,150,0.2,0.2,0.2,0.2,0.5,0.3,0.15,0.25,4.5,80,1,1400000,每提升一级处女座护卫舰操作技能，远程护盾回充量提升10%，远程装甲维修量提升5%
604,采撷,6,1,护卫舰,工业型,800,700,500,16,400,10,300,4,55,2,2,2,700,0,40,120,0.2,0.2,0.2,0.2,0.5,0.3,0.15,0.25,4,80,1,1600000,每提升一级处女座护卫舰操作技能，货柜容量提升10%，制造时间缩短5%
605,裁断,6,2,驱逐舰,火力型,1500,1200,800,30,800,20,350,4,80,6,2,2,300,0,95,180,0.2,0.2,0.2,0.2,0.5,0.3,0.15,0.25,4.2,120,1,2800000,每提升一级处女座驱逐舰操作技能，小型混合炮台射速提升5%，伤害提升3%
606,秩序,6,2,驱逐舰,防御型,1700,1400,900,34,600,15,300,5,90,4,3,3,350,0,90,190,0.2,0.2,0.2,0.2,0.5,0.3,0.15,0.25,4,120,1,3200000,每提升一级处女座驱逐舰操作技能，护盾抗性提升3%，装甲维修量提升5%
607,缚丝,6,2,驱逐舰,拦截型,1400,1100,700,28,700,18,380,4,75,5,4,2,300,0,85,195,0.2,0.2,0.2,0.2,0.5,0.3,0.15,0.25,4.5,120,1,2500000,每提升一级处女座驱逐舰操作技能，拦截探针强度提升8%，目标感应强度减少5%
608,雅典娜,6,3,巡洋舰,主战型,4000,3500,2200,80,700,18,250,5,150,5,3,4,400,25,170,280,0.2,0.2,0.2,0.2,0.5,0.3,0.15,0.25,3,180,1,12000000,每提升一级处女座巡洋舰操作技能，中型混合炮台伤害提升5%，锁定范围提升10%
609,阿斯特瑞亚,6,3,巡洋舰,电子战型,3000,2800,1800,60,500,13,230,6,140,3,5,3,350,25,140,310,0.2,0.2,0.2,0.2,0.5,0.3,0.15,0.25,3.2,180,1,11000000,每提升一级处女座巡洋舰操作技能，ECM强度提升10%，目标感应强度减少5%
610,缝合,6,3,巡洋舰,后勤型,4500,4200,2500,90,500,13,200,6,170,3,4,4,450,25,160,290,0.2,0.2,0.2,0.2,0.5,0.3,0.15,0.25,2.8,180,1,13000000,每提升一级处女座巡洋舰操作技能，远程护盾回充量提升12%，能量传输效率提升8%
611,筛选,6,3,巡洋舰,采矿型,4800,5000,2800,96,500,13,180,7,180,3,3,5,500,50,150,260,0.2,0.2,0.2,0.2,0.5,0.3,0.15,0.25,2.5,180,1,14000000,每提升一级处女座巡洋舰操作技能，采矿量提升10%，精炼效率提升5%
612,无痕,6,3,巡洋舰,隐形型,3200,3000,2000,64,600,15,260,5,120,4,4,3,300,0,135,300,0.2,0.2,0.2,0.2,0.5,0.3,0.15,0.25,3.3,180,1,10000000,每提升一级处女座巡洋舰操作技能，隐形装置CPU需求降低10%，跃迁速度提升5%
613,审判,6,4,战列巡洋舰,攻击型,6500,6000,4000,130,900,23,210,6,220,7,3,4,450,25,260,330,0.2,0.2,0.2,0.2,0.5,0.3,0.15,0.25,2.6,220,1,22000000,每提升一级处女座战列巡洋舰操作技能，大型混合炮台伤害提升5%，护盾回充速率提升7%
614,蓝图,6,4,战列巡洋舰,指挥型,7000,6500,4500,140,700,18,180,7,250,5,5,4,500,50,240,350,0.2,0.2,0.2,0.2,0.5,0.3,0.15,0.25,2.4,220,1,25000000,每提升一级处女座战列巡洋舰操作技能，指挥脉冲效果提升8%，装甲抗性提升3%
615,解构,6,4,战列巡洋舰,重火力型,7500,7000,4800,150,900,23,190,7,260,7,4,3,400,25,280,320,0.2,0.2,0.2,0.2,0.5,0.3,0.15,0.25,2.5,220,1,24000000,每提升一级处女座战列巡洋舰操作技能，大型混合炮台射速提升5%，伤害提升3%
616,得墨忒尔,6,5,战列舰,主力型,12000,10000,6000,240,1000,25,150,8,320,8,5,5,600,75,500,420,0.2,0.2,0.2,0.2,0.5,0.3,0.15,0.25,2,280,1,80000000,每提升一级处女座战列舰操作技能，超大型混合炮台伤害提升5%，锁定速度提升10%
617,天衡,6,5,战列舰,狙击型,10000,9000,5500,200,900,23,130,9,350,7,6,5,550,50,450,450,0.2,0.2,0.2,0.2,0.5,0.3,0.15,0.25,1.8,280,1,75000000,每提升一级处女座战列舰操作技能，超大型混合炮台最佳射程提升10%，感应强度提升5%
618,收割,6,5,战列舰,近战型,13000,11000,7000,260,1000,25,170,8,300,8,4,6,500,75,550,400,0.2,0.2,0.2,0.2,0.5,0.3,0.15,0.25,2.2,280,1,70000000,每提升一级处女座战列舰操作技能，超大型混合炮台跟踪速度提升7%，微曲推进器速度加成提升5%
619,完美方程,6,6,无畏舰,无畏型,30000,25000,15000,600,1000,25,90,12,650,8,6,6,1000,100,1200,850,0.2,0.2,0.2,0.2,0.5,0.3,0.15,0.25,1.2,400,1,35000000,每提升一级处女座无畏舰操作技能，会战模块效果提升10%，堡垒装甲抗性提升5%
620,智慧神殿,6,6,航母,航母型,35000,28000,18000,700,700,18,80,14,750,5,6,6,1500,400,1400,900,0.2,0.2,0.2,0.2,0.5,0.3,0.15,0.25,1.1,450,1,45000000,每提升一级处女座航母操作技能，舰载机伤害提升5%，舰载机护盾提升10%
621,星辰秩序,6,7,泰坦,泰坦型,100000,80000,50000,2000,1200,30,50,20,1500,10,8,8,20000,0,3500,2000,0.2,0.2,0.2,0.2,0.5,0.3,0.15,0.25,0.8,600,1,180000000,每提升一级处女座泰坦操作技能，末日武器伤害提升15%，全抗性提升3%
622,精工方舟,6,6,后勤航,舰队维修,27000,22000,12000,540,2600,65,60,13,680,3,6,5,800,40,880,780,0.2,0.25,0.2,0.15,0.48,0.32,0.22,0.38,0.95,900,5,580000000,处女后勤航:精确遥修+电子辅助
623,完美审判,6,6,超级航母,制空,42000,35000,18000,840,2800,70,55,15,830,5,6,6,1200,380,1500,900,0.2,0.25,0.2,0.15,0.48,0.32,0.22,0.38,0.88,1200,7,800000000,处女超航:精确制导舰载机+电子战
701,衡击,7,1,护卫舰,突击,650,500,380,13,420,10,400,3,43,3,2,2,200,0,55,140,0.18,0.22,0.45,0.12,0.22,0.18,0.38,0.12,5,35,0,1200000,天秤护卫:每级+5%后勤模块效率
702,契约,7,1,护卫舰,电子,580,420,350,11,480,12,370,3,38,2,3,2,180,0,48,160,0.18,0.22,0.45,0.12,0.22,0.18,0.38,0.12,4.8,38,0,1300000,天秤护卫:每级+5%传感器强度
703,馈赠,7,1,护卫舰,后勤,700,580,420,14,450,11,340,3,46,2,3,3,190,20,52,145,0.18,0.22,0.45,0.12,0.22,0.18,0.38,0.12,4.5,40,0,1250000,天秤护卫:每级+8%遥修量
704,称量,7,1,护卫舰,工业,750,650,480,15,380,9,260,4,52,2,2,2,700,0,50,125,0.18,0.22,0.45,0.12,0.22,0.18,0.38,0.12,3.8,42,0,1500000,天秤护卫:每级+8%货仓容量
705,砝码,7,2,驱逐舰,火力,1500,1100,750,30,650,16,330,4,78,5,3,3,300,0,90,190,0.18,0.22,0.45,0.12,0.22,0.18,0.38,0.12,4,58,0,3000000,天秤驱逐:每级+5%武器伤害
706,和约,7,2,驱逐舰,防御,1700,1400,950,34,550,14,280,5,92,4,3,3,320,10,88,180,0.18,0.22,0.45,0.12,0.22,0.18,0.38,0.12,3.6,62,0,3200000,天秤驱逐:每级+5%全抗性
707,关税,7,2,驱逐舰,拦截,1300,950,680,26,600,15,370,3,68,5,3,2,280,0,85,195,0.18,0.22,0.45,0.12,0.22,0.18,0.38,0.12,4.3,52,0,2800000,天秤驱逐:每级+5%跃迁干扰强度
708,忒弥斯,7,3,巡洋舰,主战,3800,3200,2100,76,750,18,230,6,155,4,4,4,430,25,165,275,0.18,0.22,0.45,0.12,0.22,0.18,0.38,0.12,3,115,0,11500000,天秤巡洋:每级+5%武器伤害
709,诡辩,7,3,巡洋舰,电子战,3200,2600,1700,64,650,16,210,6,168,3,5,3,380,0,140,310,0.18,0.22,0.45,0.12,0.22,0.18,0.38,0.12,2.8,125,0,11000000,天秤巡洋:每级+8%电子战强度
710,均分,7,3,巡洋舰,后勤,4300,3800,2400,86,600,15,200,7,162,3,4,5,420,30,158,270,0.18,0.22,0.45,0.12,0.22,0.18,0.38,0.12,2.6,135,0,12500000,天秤巡洋:每级+10%遥修量
711,采买,7,3,巡洋舰,采矿,3600,3000,2200,72,550,14,185,7,172,3,3,5,550,0,170,255,0.18,0.22,0.45,0.12,0.22,0.18,0.38,0.12,2.4,140,0,12000000,天秤巡洋:每级+5%采矿产出
712,暗账,7,3,巡洋舰,隐形,3000,2200,1600,60,700,17,260,5,115,3,4,3,360,0,145,295,0.18,0.22,0.45,0.12,0.22,0.18,0.38,0.12,3.2,110,0,10000000,天秤巡洋:可装隐形装置
713,制裁,7,4,战列巡洋舰,攻击,6200,5200,3500,124,850,21,205,6,225,6,4,4,420,20,255,325,0.18,0.22,0.45,0.12,0.22,0.18,0.38,0.12,2.4,195,0,25000000,天秤战巡:每级+5%武器伤害
714,议长,7,4,战列巡洋舰,指挥,6800,5800,4000,136,800,20,190,7,245,5,5,4,460,30,240,350,0.18,0.22,0.45,0.12,0.22,0.18,0.38,0.12,2.2,210,0,28000000,天秤战巡:每级+12%舰队指挥范围
715,仲裁,7,4,战列巡洋舰,重火力,7200,4800,3700,144,950,24,180,7,255,7,3,3,380,0,280,305,0.18,0.22,0.45,0.12,0.22,0.18,0.38,0.12,2.1,225,0,30000000,天秤战巡:每级+7%武器伤害
716,赫尔墨斯,7,5,战列舰,主力,11500,9500,6000,230,1200,30,135,9,315,7,5,5,550,35,480,420,0.18,0.22,0.45,0.12,0.22,0.18,0.38,0.12,1.8,350,0,60000000,天秤战列:每级+5%武器伤害+5%后勤
717,远规,7,5,战列舰,狙击,9800,7500,5200,196,1100,27,115,10,300,8,4,4,430,0,520,460,0.18,0.22,0.45,0.12,0.22,0.18,0.38,0.12,1.6,380,0,55000000,天秤战列:每级+10%武器射程
718,天秤,7,5,战列舰,近战,13000,11000,7000,260,1350,33,155,8,345,6,5,6,500,40,460,400,0.18,0.22,0.45,0.12,0.22,0.18,0.38,0.12,2,330,0,65000000,天秤战列:每级+5%全抗性
719,终审裁决,7,6,无畏舰,攻城,28000,24000,14000,560,2000,50,80,12,620,6,5,5,850,0,1150,780,0.18,0.22,0.45,0.12,0.22,0.18,0.38,0.12,1.1,800,5,500000000,天秤无畏:攻城模式
720,万商之港,7,6,航母,制空,33000,20000,12000,660,1800,45,70,13,700,5,6,4,1500,200,1050,720,0.18,0.22,0.45,0.12,0.22,0.18,0.38,0.12,1,880,5,580000000,天秤航母:超大货仓+后勤加成
721,黄金律法,7,7,泰坦,旗舰,95000,78000,48000,1900,5000,125,42,20,1400,9,7,7,3000,120,3300,2100,0.18,0.22,0.45,0.12,0.22,0.18,0.38,0.12,0.75,2000,10,1900000000,天秤泰坦:末日武器+超级跳跃桥
722,均衡方舟,7,6,后勤航,舰队维修,28000,24000,13000,560,2500,62,60,13,690,3,7,5,900,50,920,750,0.18,0.22,0.45,0.12,0.22,0.18,0.38,0.12,0.95,900,5,590000000,天秤后勤航:最均衡遥修+后勤链接
723,公正审判,7,6,超级航母,制空,43000,34000,18000,860,2850,71,56,15,840,5,6,5,1400,400,1500,890,0.18,0.22,0.45,0.12,0.22,0.18,0.38,0.12,0.88,1200,7,810000000,天秤超航:均衡超航+跳跃桥
801,毒针,8,1,护卫舰,突击型,600,450,400,12,500,13,470,3,38,3,2,2,150,20,60,150,0.12,0.25,0.2,0.4,0.35,0.35,0.35,0.35,5.5,20,0,1100000,每级天蝎座护卫舰技能增加5%火箭和轻型导弹伤害，每级天蝎座电子战技能增加10%停滞缠绕光束效果
802,蚀眼,8,1,护卫舰,电子型,500,400,350,10,400,10,440,4,35,2,3,2,120,10,50,160,0.12,0.25,0.2,0.4,0.35,0.35,0.35,0.35,5.2,18,0,1050000,每级天蝎座电子战技能增加10%能量吸取量和吸取距离
803,吸髓,8,1,护卫舰,后勤型,650,550,450,13,500,13,390,4,50,2,3,3,200,15,55,155,0.12,0.25,0.2,0.4,0.35,0.35,0.35,0.35,4.8,22,0,1150000,每级天蝎座后勤技能减少远程装甲维修器电容消耗10%，增加维修量7.5%
804,拆骨,8,1,护卫舰,工业型,800,650,500,16,350,9,320,5,55,2,2,3,600,10,65,120,0.12,0.25,0.2,0.4,0.35,0.35,0.35,0.35,4.5,25,0,1200000,每级天蝎座工业技能增加货仓容量5%和跃迁速度10%
805,蚀骨,8,2,驱逐舰,火力型,1600,1100,850,32,800,20,370,4,85,6,3,2,300,20,92,185,0.12,0.25,0.2,0.4,0.35,0.35,0.35,0.35,4,40,0,2200000,每级天蝎座驱逐舰技能增加5%轻型导弹和火箭伤害，每级天蝎座电子战技能增加7.5%鱼雷飞行速度
806,暗甲,8,2,驱逐舰,防御型,1700,1450,950,34,600,15,290,5,95,4,3,3,280,15,95,170,0.12,0.25,0.2,0.4,0.35,0.35,0.35,0.35,3.8,42,0,2300000,每级天蝎座驱逐舰技能增加4%全部装甲抗性，每级天蝎座防御技能减少远程维修器电容消耗5%
807,绝路,8,2,驱逐舰,拦截型,1500,950,750,30,700,18,410,3,75,5,4,2,250,15,85,195,0.12,0.25,0.2,0.4,0.35,0.35,0.35,0.35,4.2,38,0,2100000,每级天蝎座驱逐舰技能增加5%微型跃迁推进器速度加成，每级拦截技能减少拦截探针电容消耗10%
808,汲魂,8,3,巡洋舰,后勤,3800,3500,2200,76,700,17,210,6,155,3,4,4,380,25,158,275,0.12,0.22,0.28,0.42,0.28,0.28,0.22,0.38,2.8,130,0,11500000,天蝎巡洋:能量吸取式遥修
809,腐蚀,8,3,巡洋舰,采矿,3200,3000,2400,64,550,14,190,7,170,3,3,5,480,0,165,260,0.12,0.22,0.28,0.42,0.28,0.28,0.22,0.38,2.5,135,0,11000000,天蝎巡洋:酸蚀采矿+毒素加成
810,冥影,8,3,巡洋舰,隐形,2800,2200,1600,56,750,18,280,4,90,4,4,3,340,0,140,300,0.12,0.22,0.28,0.42,0.28,0.28,0.22,0.38,3.4,105,0,9500000,天蝎巡洋:最强隐形+暗杀首击×2
811,溶解,8,4,战列巡洋舰,攻击,5800,5000,3500,116,900,22,215,6,218,6,4,4,400,0,260,325,0.12,0.22,0.28,0.42,0.28,0.28,0.22,0.38,2.5,195,0,24000000,天蝎战巡:每级+5%持续伤害
812,暗令,8,4,战列巡洋舰,指挥,6200,5500,3800,124,830,20,200,7,240,5,5,4,440,0,245,350,0.12,0.22,0.28,0.42,0.28,0.28,0.22,0.38,2.3,210,0,27000000,天蝎战巡:暗中指挥+隐形增益
813,剧毒,8,4,战列巡洋舰,重火力,6800,4500,3200,136,1000,25,210,6,225,7,3,4,370,0,285,310,0.12,0.22,0.28,0.42,0.28,0.28,0.22,0.38,2.4,220,0,26000000,天蝎战巡:每级+8%毒素/辐射武器伤害
814,哈迪斯,8,5,战列舰,主力,11000,9000,6000,220,1250,31,140,9,310,7,5,5,500,35,475,425,0.12,0.22,0.28,0.42,0.28,0.28,0.22,0.38,1.9,345,0,58000000,天蝎战列:每级+5%武器伤害+能量吸取
815,暗箭,8,5,战列舰,狙击,9200,7200,5000,184,1150,28,120,10,295,8,4,5,420,0,510,455,0.12,0.22,0.28,0.42,0.28,0.28,0.22,0.38,1.7,375,0,53000000,天蝎战列:隐形狙击+首击×3
816,吞噬,8,5,战列舰,近战,13000,10500,7000,260,1380,34,155,8,340,6,5,6,540,45,455,405,0.12,0.22,0.28,0.42,0.28,0.28,0.22,0.38,2.1,325,0,64000000,天蝎战列:能量吸取战列
817,冥府裁判,8,6,无畏舰,攻城,28000,24000,14500,560,2100,52,80,12,620,6,5,5,850,0,1180,800,0.12,0.22,0.28,0.42,0.28,0.28,0.22,0.38,1.1,800,5,510000000,天蝎无畏:毒素攻城+能量吸取
818,万毒之巢,8,6,航母,制空,32000,20000,12000,640,1850,46,70,13,700,5,5,5,1100,200,1060,730,0.12,0.22,0.28,0.42,0.28,0.28,0.22,0.38,1,880,5,580000000,天蝎航母:毒素舰载机
819,永夜深渊,8,7,泰坦,旗舰,92000,78000,50000,1840,5100,127,40,21,1420,9,7,7,2100,120,3350,2150,0.12,0.22,0.28,0.42,0.28,0.28,0.22,0.38,0.75,2000,10,1950000000,天蝎泰坦:暗杀末日武器+全域能量吸取
820,暗影方舟,8,6,后勤航,舰队维修,26000,22000,12000,520,2600,65,68,12,660,3,6,5,780,40,880,770,0.12,0.22,0.28,0.42,0.28,0.28,0.22,0.38,1,880,5,560000000,天蝎后勤航:能量吸取遥修+隐蔽辅助
821,冥界审判,8,6,超级航母,制空,40000,32000,17000,800,2900,72,62,14,810,5,6,5,1100,380,1450,880,0.12,0.22,0.28,0.42,0.28,0.28,0.22,0.38,0.95,1150,7,770000000,天蝎超航:毒素舰载机+暗杀模式
901,疾矢,9,1,护卫舰,突击型,450,300,300,9,500,13,500,2,30,3,2,2,150,0,70,150,0.3,0.45,0.2,0.1,0.35,0.45,0.12,0.25,5,10,0,1000000,每级射手座护卫舰操作：+5%小型投射炮伤害，+5%最大速度。
902,鹰眼,9,1,护卫舰,电子型,500,350,350,10,400,10,420,3,55,2,3,2,200,5,50,170,0.3,0.45,0.2,0.1,0.35,0.45,0.12,0.25,5,10,0,1000000,每级射手座护卫舰操作：+5%锁定距离，+5%感应强度。
903,驿马,9,1,护卫舰,后勤型,600,400,350,12,400,10,350,3,50,2,3,2,250,10,40,150,0.3,0.45,0.2,0.1,0.35,0.45,0.12,0.25,5,10,0,1000000,每级射手座护卫舰操作：+10%远程护盾回充量，+5%无人机维修量。
904,采风,9,1,护卫舰,工业型,900,900,500,18,400,10,300,4,55,2,2,3,700,10,50,130,0.3,0.45,0.2,0.1,0.35,0.45,0.12,0.25,5,10,0,1000000,每级射手座护卫舰操作：+5%货仓容量，+5%最大速度。
905,连射,9,2,驱逐舰,火力型,1300,900,700,26,800,20,380,3,65,6,2,2,300,0,100,180,0.3,0.45,0.2,0.1,0.35,0.45,0.12,0.25,4,15,0,2000000,每级射手座驱逐舰操作：+5%小型投射炮伤害，+5%射速。
906,奔逸,9,2,驱逐舰,防御型,1800,1500,900,36,600,15,280,4,90,4,4,2,350,0,85,200,0.3,0.45,0.2,0.1,0.35,0.45,0.12,0.25,4,15,0,2000000,每级射手座驱逐舰操作：+5%护盾抗性，+5%护盾回充量。
907,追风,9,2,驱逐舰,拦截型,1400,1000,800,28,700,18,400,3,70,5,3,2,300,5,90,180,0.3,0.45,0.2,0.1,0.35,0.45,0.12,0.25,4,15,0,2000000,每级射手座驱逐舰操作：+5%扰频/网作用范围，+5%最大速度。
908,喀戎,9,3,巡洋舰,主战型,3500,3000,2000,70,700,18,280,5,130,5,3,4,400,0,200,280,0.3,0.45,0.2,0.1,0.35,0.45,0.12,0.25,3,20,0,10000000,每级射手座巡洋舰操作：+5%中型投射炮伤害，+5%最大速度。
909,幻弦,9,3,巡洋舰,电子战型,3000,2500,1800,60,500,13,240,5,180,3,5,3,450,0,150,320,0.3,0.45,0.2,0.1,0.35,0.45,0.12,0.25,3,20,0,10000000,每级射手座巡洋舰操作：+5%目标标记效果，+5%干扰强度。
910,草药,9,3,巡洋舰,后勤型,4000,4000,2500,80,500,13,200,6,190,3,4,4,500,25,160,300,0.3,0.45,0.2,0.1,0.35,0.45,0.12,0.25,3,20,0,10000000,每级射手座巡洋舰操作：+10%远程护盾回充量，+5%护盾传输距离。
912,猎伏,9,3,巡洋舰,隐形,3000,2300,1700,60,700,17,280,4,105,4,4,3,360,0,150,285,0.2,0.45,0.18,0.1,0.22,0.42,0.12,0.22,3.5,110,0,9800000,射手巡洋:远程隐形+每级+8%射程
913,穿日,9,4,战列巡洋舰,攻击,6200,4800,3400,124,900,22,225,5,215,7,4,3,390,0,255,330,0.2,0.45,0.18,0.1,0.22,0.42,0.12,0.22,2.6,190,0,23000000,射手战巡:每级+5%导弹伤害+射程
914,号令,9,4,战列巡洋舰,指挥,5800,5200,3700,116,820,20,210,6,235,5,5,4,430,20,240,345,0.2,0.45,0.18,0.1,0.22,0.42,0.12,0.22,2.4,205,0,26000000,射手战巡:远程指挥+游击加成
915,万箭,9,4,战列巡洋舰,重火力,7000,4200,3200,140,1000,25,220,6,220,8,3,3,360,0,290,300,0.2,0.45,0.18,0.1,0.22,0.42,0.12,0.22,2.5,215,0,25000000,射手战巡:8高槽导弹齐射
916,阿波罗,9,5,战列舰,主力,11500,8500,5800,230,1250,31,145,8,315,8,5,4,490,30,480,430,0.2,0.45,0.18,0.1,0.22,0.42,0.12,0.22,2,340,0,57000000,射手战列:最远射程+每级+5%导弹伤害
917,天弓,9,5,战列舰,狙击,9500,7000,5000,190,1150,28,125,9,290,8,4,4,420,0,520,470,0.2,0.45,0.18,0.1,0.22,0.42,0.12,0.22,1.8,370,0,52000000,射手战列:银河最远射程
918,践踏,9,5,战列舰,近战,13000,10000,6800,260,1350,33,165,7,345,6,5,6,540,45,455,400,0.2,0.45,0.18,0.1,0.22,0.42,0.12,0.22,2.2,320,0,63000000,射手战列:马蹄践踏+高速近战
919,猎神之怒,9,6,无畏舰,攻城,27000,22000,13500,540,2100,52,90,11,600,7,5,4,800,0,1150,810,0.2,0.45,0.18,0.1,0.22,0.42,0.12,0.22,1.3,770,6,490000000,射手无畏:远程攻城+高机动
920,游牧营地,9,6,航母,制空,32000,19000,11000,640,1850,46,75,12,680,5,5,5,1200,220,1050,720,0.2,0.45,0.18,0.1,0.22,0.42,0.12,0.22,1.1,860,6,560000000,射手航母:高机动航母+远程舰载机
921,银河射线,9,7,泰坦,旗舰,95000,75000,48000,1900,5200,130,48,19,1380,10,7,6,2100,100,3400,2200,0.2,0.45,0.18,0.1,0.22,0.42,0.12,0.22,0.85,1900,12,1900000000,射手泰坦:最远射程末日武器+跳跃桥
922,游猎方舟,9,6,后勤航,舰队维修,27000,20000,11500,540,2500,62,72,12,650,3,6,5,800,40,880,760,0.2,0.45,0.18,0.1,0.22,0.42,0.12,0.22,1.05,870,5,550000000,射手后勤航:高机动遥修+远程辅助
923,星火审判,9,6,超级航母,制空,41000,30000,16000,820,2850,71,65,13,800,6,5,5,1100,400,1450,870,0.2,0.45,0.18,0.1,0.22,0.42,0.12,0.22,1,1150,7,760000000,射手超航:远程舰载机+高机动超航
1001,石锤,10,1,护卫舰,突击型,500,400,500,10,500,13,250,4,30,3,2,2,150,0,50,110,0.2,0.2,0.2,0.2,0.5,0.3,0.15,0.3,4,80,1,1200000,每级【土象筑垒】技能+10%结构值
1002,测绘,10,1,护卫舰,电子型,450,350,480,9,400,10,250,4,35,2,3,2,120,0,45,130,0.2,0.2,0.2,0.2,0.5,0.3,0.15,0.3,4,80,1,1100000,每级【土象筑垒】技能+10%结构值
1003,基石,10,1,护卫舰,后勤型,600,500,450,12,400,10,260,4,40,2,2,3,200,0,60,150,0.2,0.2,0.2,0.2,0.5,0.3,0.15,0.3,4,80,1,1300000,每级【土象筑垒】技能+10%结构值
1004,凿岩,10,1,护卫舰,工业型,800,600,400,16,400,10,240,4,50,2,2,3,700,0,70,100,0.2,0.2,0.2,0.2,0.5,0.3,0.15,0.3,4,80,1,1500000,每级【土象筑垒】技能+10%结构值
1005,崩石,10,2,驱逐舰,火力型,1200,800,1000,24,800,20,250,5,60,6,2,2,250,0,90,180,0.2,0.2,0.2,0.2,0.5,0.3,0.15,0.3,3.5,120,1,2000000,每级【土象筑垒】技能+10%结构值
1006,壁垒,10,2,驱逐舰,防御型,1600,1400,900,32,600,15,260,5,80,4,3,3,300,0,100,170,0.2,0.2,0.2,0.2,0.5,0.3,0.15,0.3,3.5,120,1,2200000,每级【土象筑垒】技能+10%结构值
1007,落闸,10,2,驱逐舰,拦截型,1300,900,800,26,600,15,250,4,60,4,4,2,200,0,85,190,0.2,0.2,0.2,0.2,0.5,0.3,0.15,0.3,4.5,120,1,1800000,每级【土象筑垒】技能+10%结构值
1008,阿特拉斯,10,3,巡洋舰,主战型,3000,3000,2500,60,700,18,180,6,120,5,4,4,350,25,160,260,0.2,0.2,0.2,0.2,0.5,0.3,0.15,0.3,2.5,200,1.5,12000000,每级【土象筑垒】技能+10%结构值
1009,封印,10,3,巡洋舰,电子战型,2800,2500,2000,56,600,15,190,6,100,4,5,3,300,0,140,300,0.2,0.2,0.2,0.2,0.5,0.3,0.15,0.3,2.5,200,1.5,11000000,每级【土象筑垒】技能+10%结构值
1010,奠基,10,3,巡洋舰,后勤型,3500,4000,2800,70,600,15,175,6,150,4,5,5,400,0,150,280,0.2,0.2,0.2,0.2,0.5,0.3,0.15,0.3,2.5,200,1.5,13000000,每级【土象筑垒】技能+10%结构值
1011,掘进,10,3,巡洋舰,采矿型,3000,3500,2500,60,500,13,180,6,160,3,3,5,450,50,180,240,0.2,0.2,0.2,0.2,0.5,0.3,0.15,0.3,2.5,200,1.5,12500000,每级【土象筑垒】技能+10%结构值
1012,伏石,10,3,巡洋舰,隐形型,2500,2000,2200,50,500,13,190,6,110,3,5,3,300,0,130,320,0.2,0.2,0.2,0.2,0.5,0.3,0.15,0.3,2.5,200,1.5,11500000,每级【土象筑垒】技能+10%结构值
1013,山崩,10,4,战列巡洋舰,攻击型,6000,5000,4000,120,900,23,150,7,200,7,4,3,400,25,240,300,0.2,0.2,0.2,0.2,0.5,0.3,0.15,0.3,2,300,2,15000000,每级【土象筑垒】技能+10%结构值
1014,石令,10,4,战列巡洋舰,指挥型,5500,6000,4500,110,700,18,160,7,220,5,4,5,500,50,250,320,0.2,0.2,0.2,0.2,0.5,0.3,0.15,0.3,2,300,2,16000000,每级【土象筑垒】技能+10%结构值
1015,攻城,10,4,战列巡洋舰,重火力型,7000,7000,5000,140,900,23,140,7,250,7,3,4,350,0,280,290,0.2,0.2,0.2,0.2,0.5,0.3,0.15,0.3,2,300,2,17000000,每级【土象筑垒】技能+10%结构值
1016,克洛诺斯,10,5,战列舰,主力型,12000,10000,8000,240,1000,25,100,9,300,8,5,5,500,75,500,400,0.2,0.2,0.2,0.2,0.5,0.3,0.15,0.3,1.5,500,3,100000000,每级【土象筑垒】技能+10%结构值
1017,石弩,10,5,战列舰,狙击型,10000,9000,7000,200,900,23,110,9,280,7,6,4,400,25,450,450,0.2,0.2,0.2,0.2,0.5,0.3,0.15,0.3,1.5,500,3,90000000,每级【土象筑垒】技能+10%结构值
1018,铁壁,10,5,战列舰,近战型,14000,12000,8000,280,1000,25,100,10,350,8,4,6,450,25,550,380,0.2,0.2,0.2,0.2,0.5,0.3,0.15,0.3,1.5,500,3,110000000,每级【土象筑垒】技能+10%结构值
1019,永固要塞,10,6,航母,制空,35000,30000,18000,700,2000,50,55,15,780,5,5,6,1300,180,1200,700,0.22,0.28,0.18,0.18,0.52,0.3,0.18,0.42,0.8,1000,5,700000000,摩羯航母:堡垒航母+防御加成
1020,山岳之心,10,6,无畏舰,攻城,38000,35000,20000,760,2200,55,60,14,700,6,4,6,1000,0,1400,800,0.22,0.28,0.18,0.18,0.52,0.3,0.18,0.42,0.9,900,5,700000000,摩羯无畏:最厚防御无畏+建筑模式
1021,时间之墙,10,7,泰坦,旗舰,100000,120000,70000,2000,5000,125,30,25,1800,8,6,8,3000,100,4000,2000,0.22,0.28,0.18,0.18,0.52,0.3,0.18,0.42,0.6,2500,10,2800000000,摩羯泰坦:最高结构HP+防御末日武器
1022,基石方舟,10,6,后勤航,舰队维修,30000,32000,16000,600,2400,60,50,15,720,3,5,7,900,40,1000,700,0.22,0.28,0.18,0.18,0.52,0.3,0.18,0.42,0.85,960,5,650000000,摩羯后勤航:堡垒遥修+建筑维修
1023,磐石审判,10,6,超级航母,制空,45000,42000,22000,900,2700,67,48,16,880,5,5,7,1400,360,1600,850,0.22,0.28,0.18,0.18,0.52,0.3,0.18,0.42,0.82,1300,7,880000000,摩羯超航:最厚超航+防御要塞
1101,电火,11,1,护卫舰,突击型,600,500,400,12,500,13,500,3,35,3,2,3,150,5,70,170,0.2,0.2,0.45,0.1,0.25,0.25,0.4,0.12,5.5,30,0,1500000,每级水瓶座护卫舰操作技能: +5%小型炮台伤害，+5%舰船CPU
1102,灵感,11,1,护卫舰,电子型,500,400,350,10,400,10,400,4,45,2,3,2,180,5,50,170,0.2,0.2,0.45,0.1,0.25,0.25,0.4,0.12,5,30,0,1600000,每级水瓶座护卫舰操作技能: +5%炮台伤害，+5%舰船CPU
1103,注能,11,1,护卫舰,后勤型,800,600,400,16,400,10,350,4,50,2,3,2,200,10,60,160,0.2,0.2,0.45,0.1,0.25,0.25,0.4,0.12,4.5,30,0,1700000,每级水瓶座护卫舰操作技能: +5%炮台伤害，+5%舰船CPU
1104,试作,11,1,护卫舰,工业型,900,900,500,18,400,10,250,4,55,2,2,3,800,0,70,170,0.2,0.2,0.45,0.1,0.25,0.25,0.4,0.12,4.5,30,0,1800000,每级水瓶座工业舰操作技能: +5%舰船货柜容量，+5%舰船CPU
1105,裂变,11,2,驱逐舰,火力型,1400,1000,800,28,800,20,350,4,80,6,3,2,300,5,100,200,0.2,0.2,0.45,0.1,0.25,0.25,0.4,0.12,4.2,50,0,2500000,每级水瓶座驱逐舰操作技能: +5%炮台伤害，+5%舰船CPU
1106,异构,11,2,驱逐舰,防御型,1800,1500,1000,36,700,18,280,5,100,5,2,3,350,10,90,190,0.2,0.2,0.45,0.1,0.25,0.25,0.4,0.12,3.8,50,0,2600000,每级水瓶座驱逐舰操作技能: +5%炮台伤害，+5%舰船CPU
1107,超频,11,2,驱逐舰,拦截型,1300,900,700,26,700,18,400,3,70,5,4,2,280,5,100,195,0.2,0.2,0.45,0.1,0.25,0.25,0.4,0.12,4.5,50,0,2400000,每级水瓶座驱逐舰操作技能: +5%炮台伤害，+5%舰船CPU
1108,普罗米修斯,11,3,巡洋舰,主战型,4000,3500,2500,80,700,18,250,5,160,5,4,4,450,20,190,310,0.2,0.2,0.45,0.1,0.25,0.25,0.4,0.12,3,100,0,12000000,每级水瓶座巡洋舰操作技能: +5%炮台伤害，+5%舰船CPU
1110,涌泉,11,3,巡洋舰,后勤,4000,3200,2200,80,700,17,210,6,160,3,4,4,400,25,155,290,0.16,0.18,0.48,0.1,0.18,0.2,0.42,0.14,2.8,130,0,11500000,水瓶巡洋:实验型遥修+CPU加成
1111,萃取,11,3,巡洋舰,采矿,3300,2800,2100,66,580,14,195,7,172,3,3,5,520,0,168,270,0.16,0.18,0.48,0.1,0.18,0.2,0.42,0.14,2.5,135,0,11500000,水瓶巡洋:实验采矿+新法萃取
1112,相变,11,3,巡洋舰,隐形,2900,2100,1600,58,720,18,275,4,100,3,5,3,350,0,142,310,0.16,0.18,0.48,0.1,0.18,0.2,0.42,0.14,3.4,110,0,9800000,水瓶巡洋:相位隐形+实验武器
1113,颠覆,11,4,战列巡洋舰,攻击,6000,4500,3300,120,950,24,220,6,215,6,5,3,400,0,260,345,0.16,0.18,0.48,0.1,0.18,0.2,0.42,0.14,2.5,195,0,24000000,水瓶战巡:实验武器+每级+5%伤害
1114,先驱,11,4,战列巡洋舰,指挥,5800,5000,3600,116,850,21,205,7,235,5,5,4,430,0,245,360,0.16,0.18,0.48,0.1,0.18,0.2,0.42,0.14,2.3,210,0,26000000,水瓶战巡:先锋指挥+科研加速
1115,聚变,11,4,战列巡洋舰,重火力,7200,4000,3000,144,1050,26,215,6,225,7,4,3,370,0,290,320,0.16,0.18,0.48,0.1,0.18,0.2,0.42,0.14,2.4,220,0,25000000,水瓶战巡:实验性聚变武器
1116,乌拉诺斯,11,5,战列舰,主力,11000,8500,5800,220,1300,32,145,8,310,7,6,4,500,30,480,460,0.16,0.18,0.48,0.1,0.18,0.2,0.42,0.14,1.9,345,0,57000000,水瓶战列:实验武器+可装任何种族模块
1117,超限,11,5,战列舰,狙击,9200,6800,5000,184,1200,30,125,9,295,8,5,4,430,0,520,490,0.16,0.18,0.48,0.1,0.18,0.2,0.42,0.14,1.7,375,0,52000000,水瓶战列:超限射程+实验弹药
1118,突变,11,5,战列舰,近战,12500,9500,6500,250,1400,35,165,7,340,6,5,6,540,40,455,430,0.16,0.18,0.48,0.1,0.18,0.2,0.42,0.14,2.1,325,0,62000000,水瓶战列:异常突变+随机属性加成
1119,创世之火,11,6,无畏舰,攻城,27000,21000,13000,540,2150,53,85,11,610,6,5,5,850,0,1180,830,0.16,0.18,0.48,0.1,0.18,0.2,0.42,0.14,1.2,780,5,500000000,水瓶无畏:实验攻城武器
1120,范式革命,11,6,航母,制空,31000,19000,11500,620,1900,47,72,13,690,5,6,4,1100,200,1060,740,0.16,0.18,0.48,0.1,0.18,0.2,0.42,0.14,1,870,5,570000000,水瓶航母:实验舰载机+科技压制
1121,奇点突破,11,7,泰坦,旗舰,93000,72000,46000,1860,5300,132,45,19,1380,9,8,6,2200,120,3300,2400,0.16,0.18,0.48,0.1,0.18,0.2,0.42,0.14,0.8,1900,10,1900000000,水瓶泰坦:实验末日武器+物理法则干扰
1122,革新方舟,11,6,后勤航,舰队维修,26000,20000,11500,520,2700,67,65,12,660,3,7,4,780,40,870,800,0.16,0.18,0.48,0.1,0.18,0.2,0.42,0.14,1,870,5,560000000,水瓶后勤航:实验遥修+科技辅助
1123,范式审判,11,6,超级航母,制空,40000,30000,16000,800,3000,75,62,14,810,6,6,4,1100,400,1450,900,0.16,0.18,0.48,0.1,0.18,0.2,0.42,0.14,0.95,1150,7,770000000,水瓶超航:实验舰载机+科技压制
1201,噬咬,12,1,护卫舰,突击,600,450,400,12,400,10,410,3,42,3,2,2,180,15,55,135,0.12,0.3,0.25,0.38,0.32,0.35,0.28,0.32,5,35,0,1200000,双鱼护卫:每Tick自修+5HP
1202,感潮,12,1,护卫舰,电子,520,400,380,10,450,11,380,3,38,2,3,2,160,10,48,155,0.12,0.3,0.25,0.38,0.32,0.35,0.28,0.32,4.8,38,0,1250000,双鱼护卫:每级+5%传感器强度
1203,共生,12,1,护卫舰,后勤,700,600,450,14,420,10,340,3,45,2,2,3,180,20,52,140,0.12,0.3,0.25,0.38,0.32,0.35,0.28,0.32,4.5,40,0,1300000,双鱼护卫:每级+8%遥修量
1204,滤食,12,1,护卫舰,工业,750,700,500,15,350,9,270,4,52,2,2,2,600,0,50,120,0.12,0.3,0.25,0.38,0.32,0.35,0.28,0.32,4,42,0,1450000,双鱼护卫:每级+5%采矿产出
1205,漩涡,12,2,驱逐舰,火力,1400,1100,800,28,650,16,340,4,80,5,3,3,280,20,92,185,0.12,0.3,0.25,0.38,0.32,0.35,0.28,0.32,4.2,58,0,3000000,双鱼驱逐:每级+5%武器伤害
1206,鳞甲,12,2,驱逐舰,防御,1700,1500,1000,34,550,14,280,5,95,4,3,3,310,15,88,178,0.12,0.3,0.25,0.38,0.32,0.35,0.28,0.32,3.7,62,0,3300000,双鱼驱逐:每Tick自修+10HP
1207,缠藻,12,2,驱逐舰,拦截,1250,900,700,25,600,15,380,3,65,5,3,2,260,10,85,192,0.12,0.3,0.25,0.38,0.32,0.35,0.28,0.32,4.5,52,0,2700000,双鱼驱逐:每级+8%停滞网强度
1208,普罗透斯,12,3,巡洋舰,主战,3800,3500,2300,76,700,17,230,6,155,4,4,4,400,40,165,270,0.12,0.3,0.25,0.38,0.32,0.35,0.28,0.32,3,120,0,11500000,双鱼巡洋:每Tick自修+20HP，属性适应
1209,幻海,12,3,巡洋舰,电子战,3200,2700,1800,64,650,16,210,6,165,3,5,3,370,25,140,305,0.12,0.3,0.25,0.38,0.32,0.35,0.28,0.32,2.8,125,0,11000000,双鱼巡洋:每级+8%电子战强度
1210,愈潮,12,3,巡洋舰,后勤,4500,4200,2600,90,600,15,195,7,162,3,4,5,420,35,158,265,0.12,0.3,0.25,0.38,0.32,0.35,0.28,0.32,2.6,135,0,12500000,双鱼巡洋:每级+12%遥修量
1211,珊瑚,12,3,巡洋舰,采矿,3500,3200,2400,70,550,14,185,7,170,3,3,5,520,20,168,255,0.12,0.3,0.25,0.38,0.32,0.35,0.28,0.32,2.4,140,0,12000000,双鱼巡洋:每级+5%采矿产出
1212,深潜,12,3,巡洋舰,隐形,3000,2200,1700,60,700,17,265,5,110,3,4,3,350,15,145,290,0.12,0.3,0.25,0.38,0.32,0.35,0.28,0.32,3.3,110,0,9800000,双鱼巡洋:可装隐形+自修
1213,海啸,12,4,战列巡洋舰,攻击,6000,5200,3600,120,850,21,210,6,225,6,4,4,400,30,258,318,0.12,0.3,0.25,0.38,0.32,0.35,0.28,0.32,2.5,195,0,25000000,双鱼战巡:每级+5%武器伤害
1214,洋流,12,4,战列巡洋舰,指挥,6600,5800,4000,132,800,20,195,7,242,5,5,4,450,35,242,345,0.12,0.3,0.25,0.38,0.32,0.35,0.28,0.32,2.3,210,0,28000000,双鱼战巡:每级+8%舰队指挥范围
1215,巨口,12,4,战列巡洋舰,重火力,7000,4800,3800,140,950,24,185,7,258,7,3,3,370,0,282,302,0.12,0.3,0.25,0.38,0.32,0.35,0.28,0.32,2.2,225,0,29000000,双鱼战巡:每级+7%武器伤害
1216,波塞冬,12,5,战列舰,主力,11000,9500,6200,220,1200,30,135,9,320,7,5,5,520,50,475,415,0.12,0.3,0.25,0.38,0.32,0.35,0.28,0.32,1.9,345,0,58000000,双鱼战列:每Tick自修+50HP
1217,三叉戟,12,5,战列舰,狙击,9500,7500,5300,190,1100,27,118,10,305,8,4,4,420,0,515,455,0.12,0.3,0.25,0.38,0.32,0.35,0.28,0.32,1.7,375,0,54000000,双鱼战列:每级+10%武器射程
1218,利维坦,12,5,战列舰,近战,13500,11500,7200,270,1350,33,158,8,348,6,5,6,560,60,458,398,0.12,0.3,0.25,0.38,0.32,0.35,0.28,0.32,2.1,328,0,65000000,双鱼战列:每级+5%全抗性+自修
1219,深海之心,12,6,无畏舰,攻城,29000,25000,15000,580,2000,50,78,12,630,6,5,5,880,0,1180,790,0.12,0.3,0.25,0.38,0.32,0.35,0.28,0.32,1.1,810,5,520000000,双鱼无畏:生物攻城模式
1220,孕海之母,12,6,航母,制空,34000,21000,12500,680,1850,46,68,13,720,5,5,5,1100,220,1060,730,0.12,0.3,0.25,0.38,0.32,0.35,0.28,0.32,1,890,5,600000000,双鱼航母:有机舰载机+自修
1221,万物归流,12,7,泰坦,旗舰,98000,82000,52000,1960,5200,130,38,21,1450,9,7,7,2200,150,3400,2150,0.12,0.3,0.25,0.38,0.32,0.35,0.28,0.32,0.72,2050,10,2000000000,双鱼泰坦:生物末日武器+全舰队自修
1222,共生方舟,12,6,后勤航,舰队维修,28000,24000,14000,560,2500,62,62,13,680,3,6,6,820,50,920,750,0.12,0.3,0.25,0.38,0.32,0.35,0.28,0.32,0.95,900,5,580000000,双鱼后勤航:有机遥修+自修+适应
1223,深渊审判,12,6,超级航母,制空,42000,34000,18000,840,2850,71,58,14,840,5,6,5,1200,400,1500,880,0.12,0.3,0.25,0.38,0.32,0.35,0.28,0.32,0.9,1200,7,800000000,双鱼超航:有机舰载机+生物适应
